Datum,Beograd Novi Beograd,Beograd Stari grad,Beograd Vracar,Beograd Mostar,Kopaonik,Kamenicki Vis EMEP,Novi Sad Liman,Nis O.s. Sveti Sava,Beograd Zeleno brdo,Obrenovac Centar,Popovac
2013-01-01,30.78,,26.6,5.78,89.98,71.95,22.13,48.25,51.35,36.875,
2013-01-02,19.98,,13.38,3.78,90.18,75.45,21.58,27.13,68.125,46.3,
2013-01-03,36.8,,25.95,6.5,84.48,71.68,44.4,27.15,46.6,84.175,
2013-01-04,36.53,,22.43,12.33,85.43,72.18,43.53,16.68,49.875,128.875,
2013-01-05,38.75,,27.28,8.15,71.0,64.03,40.75,30.35,56.275,114.15,
2013-01-06,43.53,,35.98,17.12,73.13,64.9,41.4,44.18,61.875,138.375,
2013-01-07,55.28,,53.6,0.0,73.25,68.53,53.75,55.6,69.0,147.65,
2013-01-08,43.18,,44.13,0.0,69.53,72.28,51.48,46.9,65.175,76.35,
2013-01-09,35.55,,29.48,0.0,76.73,71.88,47.93,29.1,60.275,26.55,
2013-01-10,9.35,,9.9,0.0,80.48,70.93,17.68,22.03,34.525,4.5,11.1
2013-01-11,20.08,,15.0,0.0,80.55,69.6,41.73,24.63,43.5,10.6,34.8
2013-01-12,39.0,,35.88,15.4,77.55,64.78,49.68,37.75,53.125,16.55,57.1
2013-01-13,55.4,,48.15,14.05,87.75,86.53,41.18,59.4,71.05,19.075,58.7
2013-01-14,57.55,,48.43,25.58,76.33,78.15,56.28,54.8,69.125,18.4,63.4
2013-01-15,60.0,,46.33,26.43,81.5,79.08,58.98,44.6,66.75,18.925,61.1
2013-01-16,40.1,11.9,37.03,13.6,84.98,86.33,54.35,55.43,60.175,13.925,77.8
2013-01-17,23.18,21.23,21.53,4.33,85.23,85.3,31.88,52.05,54.675,14.6,73.4
2013-01-18,52.28,44.5,45.6,16.63,80.73,76.15,41.1,58.8,70.475,17.4,66.7
2013-01-19,31.73,24.95,27.98,9.33,77.65,78.58,34.53,22.2,63.225,15.3,
2013-01-20,44.7,38.15,37.45,5.28,84.4,74.95,44.85,39.83,71.55,16.225,
2013-01-21,58.5,41.33,45.95,11.95,74.7,76.85,60.4,51.28,67.625,20.575,
2013-01-22,62.85,49.53,54.1,23.03,83.48,76.15,60.1,48.65,70.2,19.4,
2013-01-23,42.2,35.23,33.18,12.43,88.93,78.0,49.83,32.23,54.55,13.35,
2013-01-24,45.7,43.6,41.15,14.68,89.68,84.55,48.55,57.9,65.85,,63.8
2013-01-25,46.15,43.9,39.33,14.15,96.63,63.78,40.13,37.38,65.675,,61.2
2013-01-26,37.48,41.2,30.35,17.48,74.95,79.98,41.48,53.83,46.95,,73.4
2013-01-27,51.63,38.5,34.65,7.5,73.68,68.43,54.33,51.63,47.675,,61.9
2013-01-28,37.25,36.93,36.78,14.7,91.15,89.58,43.83,50.45,70.25,,66.0
2013-01-29,45.48,32.43,31.7,7.8,86.98,88.68,60.4,19.7,53.925,13.975,53.4
2013-01-30,51.0,13.18,20.0,4.38,88.23,88.88,46.05,29.325,53.375,13.575,50.1
2013-01-31,51.0,48.98,34.05,13.1,83.28,87.28,61.18,36.325,63.37142857,18.125,73.0
2013-02-01,38.7,32.08,31.08,10.53,90.23,89.03,66.15,30.35,70.425,17.0,60.8
2013-02-02,57.3,48.73,42.5,23.0,90.3,85.2,67.88,48.63,75.125,19.0,79.7
2013-02-03,44.03,41.03,29.5,9.33,84.43,78.05,46.08,44.8,55.625,16.2,72.5
2013-02-04,62.6,48.78,43.7,17.45,83.58,67.48,68.0,41.4,64.55,17.825,66.7
2013-02-05,35.9,21.03,33.98,8.05,87.15,85.95,68.5,43.58,74.95,15.025,68.4
2013-02-06,58.78,34.0,41.85,14.63,92.23,85.38,74.2,46.03,72.925,16.95,77.9
2013-02-07,57.23,56.89,40.9,15.73,87.73,83.7,59.6,49.65,73.4,18.7,73.0
2013-02-08,41.43,51.45,39.53,25.95,78.68,67.88,43.03,56.55,68.925,15.45,59.1
2013-02-09,48.15,48.8,36.85,29.05,79.13,78.13,44.88,58.825,67.825,13.575,57.5
2013-02-10,49.95,51.13,36.98,23.73,88.23,74.55,50.3,51.15,62.75,17.175,67.9
2013-02-11,70.6,50.05,55.68,22.93,91.2,0.0,75.15,67.1,92.5,20.725,75.8
2013-02-12,69.8,60.83,60.78,37.68,90.75,76.08,64.85,68.18,86.75,18.9,86.5
2013-02-13,61.48,54.98,54.63,40.8,88.35,76.73,62.95,62.5,83.0,16.575,68.6
2013-02-14,49.9,48.48,47.5,31.33,94.73,60.5,51.6,51.5,77.85,12.925,62.0
2013-02-15,23.4,21.28,13.23,8.63,61.78,52.43,23.5,40.48,48.2,7.6,51.4
2013-02-16,0.0,13.8,7.95,3.7,72.33,60.88,36.83,42.2,39.125,,45.6
2013-02-17,0.0,63.4,54.6,43.83,75.9,65.0,72.75,45.93,95.55,,56.3
2013-02-18,0.0,43.28,44.88,29.95,75.88,60.33,39.03,49.0,86.375,,53.7
2013-02-19,0.0,38.18,31.23,21.83,66.3,55.6,70.8,42.45,71.05,,47.9
2013-02-20,0.0,48.05,42.28,27.85,88.0,79.68,48.4,52.5,79.325,,69.4
2013-02-21,7.92,41.85,35.78,26.05,102.68,79.85,45.28,58.45,76.175,,56.3
2013-02-22,51.28,34.7,27.35,11.2,87.43,66.33,40.23,50.13,69.05,,57.6
2013-02-23,49.13,38.25,41.03,19.03,84.48,72.68,54.98,60.2,83.8,,57.5
2013-02-24,40.2,35.63,36.5,22.58,78.4,66.18,39.86,55.25,80.25,,47.8
2013-02-25,43.5,33.18,32.38,20.4,88.05,60.4,43.15,47.5,85.325,,55.2
2013-02-26,40.6,39.28,35.8,23.33,88.68,56.05,45.68,38.6,85.25,32.05,55.7
2013-02-27,42.83,38.73,39.1,22.48,83.05,71.4,36.38,50.6,88.475,25.225,48.3
2013-02-28,56.15,48.58,34.6,27.23,85.55,80.53,45.68,63.28,103.625,28.05,81.3
2013-03-01,65.4,61.4,,31.2,88.0,95.4,50.25,61.28,114.175,31.45,86.7
2013-03-02,48.03,55.75,,35.05,87.6,94.78,62.7,41.68,110.1,25.3,64.0
2013-03-03,80.03,80.95,,62.33,90.88,92.38,80.68,70.15,144.975,30.375,87.3
2013-03-04,63.43,65.63,,38.0,100.93,94.2,68.13,72.98,134.725,27.1,83.3
2013-03-05,89.7,70.65,,44.75,104.25,98.75,87.18,81.83,161.5,34.325,88.3
2013-03-06,81.18,66.3,,43.65,106.48,91.58,75.78,74.18,147.825,28.575,85.8
2013-03-07,68.88,52.78,,32.73,91.45,84.2,73.65,60.93,138.375,28.225,81.8
2013-03-08,75.25,48.33,,18.6,91.43,82.0,78.65,57.83,137.65,26.325,77.5
2013-03-09,71.5,65.15,,29.63,92.4,82.88,65.23,63.48,141.825,30.45,79.8
2013-03-10,80.25,66.95,,21.73,98.33,88.25,80.45,79.5,135.25,33.025,89.5
2013-03-11,45.2,37.05,,7.45,98.68,94.85,56.6,77.7,132.675,19.05,83.3
2013-03-12,75.73,62.58,,27.6,97.95,93.53,77.9,73.28,134.575,30.6,88.9
2013-03-13,68.68,52.6,,19.15,98.3,91.78,72.33,68.53,73.75,27.375,83.2
2013-03-14,46.5,40.88,,17.85,94.68,91.28,58.75,69.3,49.9,21.625,72.8
2013-03-15,85.78,82.45,,49.03,99.1,104.0,86.63,84.53,84.75,29.75,100.5
2013-03-16,84.53,91.38,,48.53,100.6,98.1,93.5,75.55,91.1,30.375,94.3
2013-03-17,98.85,85.05,,66.88,105.83,111.28,98.38,97.9,97.075,32.25,106.0
2013-03-18,81.63,68.8,,41.78,106.63,110.08,85.73,72.28,80.6,26.725,96.9
2013-03-19,80.1,74.83,,50.08,106.93,102.98,81.8,81.4,81.475,25.9,95.3
2013-03-20,103.83,86.13,,57.85,114.05,122.43,106.98,100.25,104.725,30.75,115.3
2013-03-21,83.18,75.25,,45.18,104.35,117.35,81.83,63.38,88.3,22.425,102.9
2013-03-22,73.4,79.8,,50.03,105.58,91.6,80.75,65.85,80.7,23.775,88.3
2013-03-23,89.43,82.05,,64.4,116.78,119.2,86.8,93.53,92.65,25.65,102.5
2013-03-24,78.0,71.63,,59.65,116.83,120.03,78.63,78.58,83.95,22.775,87.0
2013-03-25,60.23,59.03,,37.6,113.9,84.8,67.58,55.28,69.425,18.675,68.5
2013-03-26,60.08,55.28,,43.75,107.25,74.88,67.68,56.53,66.475,17.1,73.6
2013-03-27,59.25,51.53,,19.53,92.78,91.38,85.88,63.65,72.175,21.55,93.3
2013-03-28,83.43,66.33,59.1,33.35,107.53,94.88,93.6,77.48,85.675,23.25,94.3
2013-03-29,82.38,73.98,72.33,54.78,99.18,87.78,83.43,52.15,82.425,21.6,91.1
2013-03-30,55.13,44.63,44.03,18.1,86.68,76.05,65.1,52.65,62.175,30.93333333,76.6
2013-03-31,74.725,59.925,52.175,26.3,98.775,94.425,73.15,76.425,72.025,27.725,90.0
2013-04-01,83.075,84.4,72.325,47.9,101.875,99.8,96.675,71.425,85.325,27.4,84.3
2013-04-02,60.05,51.125,50.625,34.4,103.625,99.7,86.95,63.875,66.975,18.5,85.7
2013-04-03,60.05,58.95,46.475,28.25,102.075,93.2,68.75,52.35,56.625,22.325,86.8
2013-04-04,79.875,92.1,62.1,41.3,97.725,90.875,85.525,66.9,77.2,23.375,84.3
2013-04-05,71.4,63.425,55.6,30.0,110.9,98.65,81.325,40.775,70.25,22.825,79.6
2013-04-06,51.45,68.725,51.8,34.575,103.275,101.725,61.225,75.45,62.775,19.5,76.3
2013-04-07,66.43,81.8,63.3,51.3,91.23,74.03,76.08,66.9,75.525,21.55,68.2
2013-04-08,83.03,93.35,81.43,48.27,95.5,76.5,92.08,53.48,87.225,22.975,67.2
2013-04-09,80.88,65.93,61.9,31.3,101.98,101.73,83.03,76.03,81.275,24.175,75.6
2013-04-10,70.9,61.88,49.53,26.0,103.65,99.98,84.58,76.23,75.05,23.9,93.7
2013-04-11,103.23,99.75,75.4,55.83,111.65,119.88,109.5,99.6,106.3,29.95,109.0
2013-04-12,90.48,77.73,65.8,31.75,110.13,118.88,98.03,96.375,96.5,26.325,96.1
2013-04-13,74.18,93.6,63.35,42.25,105.2,106.35,91.93,87.925,91.025,29.45,89.4
2013-04-14,82.6,100.48,72.13,65.55,106.6,110.28,94.9,97.55,97.85,28.625,102.3
2013-04-15,83.18,97.45,70.9,61.78,109.3,106.85,87.75,88.975,94.95,26.675,92.6
2013-04-16,95.5,104.18,75.03,68.28,105.48,115.23,95.7,95.275,108.8,28.675,89.5
2013-04-17,90.1,104.03,68.2,61.6,118.9,124.43,100.4,104.7,108.4,27.65,115.7
2013-04-18,106.88,119.58,81.53,72.13,121.05,128.78,114.89,115.025,121.775,31.025,117.4
2013-04-19,126.6,127.95,97.13,89.63,126.2,136.9,121.0,116.55,132.925,32.95,124.1
2013-04-20,122.6,125.5,94.93,93.85,131.0,128.48,121.28,102.4,132.5,31.2,112.7
2013-04-21,133.7,142.33,99.4,103.4,121.58,133.28,121.28,107.725,140.125,32.475,111.9
2013-04-22,102.25,94.55,70.83,50.0,124.5,134.8,104.18,105.2,105.45,30.7,95.1
2013-04-23,99.28,111.45,73.95,57.3,114.75,121.13,103.5,97.625,111.05,29.75,109.5
2013-04-24,112.25,123.03,77.65,79.93,116.03,126.73,118.08,103.875,123.425,32.5,110.9
2013-04-25,121.78,124.98,73.6,75.6,120.4,128.83,116.73,106.375,123.025,32.525,115.2
2013-04-26,121.03,127.15,70.73,60.2,119.23,130.15,120.88,107.225,129.775,36.925,112.5
2013-04-27,103.3,102.43,86.38,57.38,115.83,123.5,106.03,105.75,103.625,28.975,112.1
2013-04-28,111.34,113.15,99.95,69.58,123.28,124.88,102.35,110.475,111.45,28.825,113.5
2013-04-29,112.65,123.45,72.3,60.4,114.68,118.95,109.58,98.125,117.225,30.525,105.0
2013-04-30,110.78,114.23,65.53,53.38,121.25,124.6,104.53,106.2,117.9,31.55,109.6
2013-05-01,115.13,126.53,71.78,71.48,112.05,124.2,98.68,104.375,126.925,45.425,107.4
2013-05-02,105.65,110.55,69.5,56.38,119.75,116.58,104.78,103.2,110.25,45.15,93.3
2013-05-03,107.48,122.15,78.03,65.13,103.65,118.98,108.53,104.375,115.275,48.075,96.1
2013-05-04,98.58,112.55,67.68,57.28,107.93,112.08,101.55,88.425,108.0,41.35,105.5
2013-05-05,97.35,105.85,65.23,60.05,106.7,111.38,87.93,91.65,100.475,38.55,100.0
2013-05-06,83.63,85.55,55.0,33.85,96.43,106.18,74.08,81.525,87.0,44.925,96.4
2013-05-07,80.23,76.13,56.75,25.33,103.75,100.8,83.15,48.2,84.85,43.15,88.0
2013-05-08,105.55,107.48,79.48,50.15,120.98,112.88,111.53,88.2,112.3,42.125,103.9
2013-05-09,97.58,96.4,83.33,48.7,109.0,112.6,108.65,78.275,104.825,38.325,104.0
2013-05-10,106.95,102.03,77.93,57.9,97.88,115.13,118.83,92.1,111.9,38.55,105.8
2013-05-11,115.85,118.53,73.23,62.58,96.35,116.48,115.83,99.225,116.625,39.35,104.0
2013-05-12,64.7,67.18,46.08,23.58,88.9,106.08,64.33,84.925,72.95,24.775,91.7
2013-05-13,49.65,61.83,38.55,23.35,87.85,67.75,63.45,54.975,56.625,22.8,52.8
2013-05-14,84.93,97.75,59.83,39.03,95.38,109.23,90.38,93.925,92.875,31.975,95.8
2013-05-15,103.5,122.63,79.25,69.93,99.18,111.93,111.23,91.875,112.6,36.5,107.1
2013-05-16,96.05,89.43,66.25,41.9,108.85,112.1,110.5,86.675,109.65,30.825,98.4
2013-05-17,80.0,74.88,52.8,25.48,80.35,97.28,88.65,69.3,85.075,32.125,78.1
2013-05-18,104.83,120.05,80.0,72.55,98.88,115.1,111.1,97.95,118.4,36.075,100.6
2013-05-19,95.03,98.68,65.95,57.1,96.33,102.55,106.33,86.5,110.375,34.25,91.3
2013-05-20,91.83,107.15,70.45,67.78,113.55,117.75,103.08,100.425,108.725,33.7,108.0
2013-05-21,110.7,121.53,80.13,74.78,113.75,115.88,106.28,104.075,120.6,34.1,106.5
2013-05-22,82.65,94.5,66.95,46.45,87.58,110.18,89.18,68.85,89.775,29.975,77.7
2013-05-23,72.35,80.0,56.33,33.3,98.68,85.93,64.53,61.225,82.75,25.95,65.0
2013-05-24,84.93,84.88,61.5,34.43,105.2,99.55,82.63,89.7,88.0,27.7,64.3
2013-05-25,94.8,94.93,66.0,41.25,100.85,103.0,100.83,79.325,95.6,30.325,86.2
2013-05-26,87.25,99.23,68.65,41.08,106.5,101.43,89.8,,94.275,28.125,88.8
2013-05-27,86.68,87.1,63.18,36.58,97.5,100.53,83.95,,91.4,27.325,92.5
2013-05-28,110.03,111.8,76.15,57.13,116.03,120.03,114.05,,109.475,33.375,102.6
2013-05-29,93.73,89.78,66.95,38.73,111.58,119.2,96.3,,101.075,31.75,95.8
2013-05-30,71.95,73.65,58.9,27.78,99.8,112.25,79.0,,86.1,25.375,84.1
2013-05-31,83.33,81.05,55.35,31.83,96.58,97.38,83.68,,81.225,28.025,86.6
2013-06-01,78.23,82.23,55.8,27.98,90.18,92.38,74.08,,84.825,23.9,79.8
2013-06-02,85.85,98.35,66.05,46.6,89.05,100.53,76.0,,96.125,27.925,96.4
2013-06-03,48.05,58.15,40.55,20.88,89.55,98.8,58.75,,60.9,21.025,76.0
2013-06-04,36.6,45.05,26.2,18.1,78.68,84.35,44.4,,40.575,17.725,64.7
2013-06-05,36.0,33.15,24.08,13.23,79.1,74.23,48.68,,37.275,17.05,53.2
2013-06-06,72.2,79.0,44.13,21.58,83.3,101.15,62.6,,78.1,29.05,76.4
2013-06-07,54.83,58.53,36.25,15.83,88.8,101.75,62.1,,65.275,33.625,77.8
2013-06-08,77.08,83.35,48.38,19.63,93.63,104.98,89.78,,85.6,36.0,79.4
2013-06-09,115.95,118.75,77.65,50.83,109.4,110.58,120.53,,115.3,53.275,111.8
2013-06-10,100.43,99.25,78.43,46.48,92.52,117.98,92.48,,104.875,46.1,94.8
2013-06-11,103.53,120.15,73.35,56.88,0.0,113.4,,,115.45,41.4,86.6
2013-06-12,64.53,80.98,53.88,37.03,98.8,95.2,,83.33,79.45,33.45,62.3
2013-06-13,74.58,89.75,54.1,31.03,89.55,80.8,90.05,54.95,85.875,31.8,56.8
2013-06-14,93.88,112.48,72.23,51.58,94.38,101.33,111.23,72.88,110.975,,90.1
2013-06-15,117.15,139.6,86.65,77.85,121.88,140.88,121.53,114.1,130.625,,118.4
2013-06-16,124.3,137.55,84.93,75.03,115.88,141.65,126.88,114.98,129.55,,111.2
2013-06-17,119.23,132.55,70.45,70.38,103.7,138.1,116.95,107.78,125.375,,95.9
2013-06-18,124.1,129.75,67.23,60.93,100.65,118.73,112.38,100.23,120.85,,78.1
2013-06-19,148.73,153.18,87.2,86.08,89.18,112.6,151.88,102.88,157.325,,91.2
2013-06-20,115.6,109.25,61.98,37.03,112.48,109.1,127.18,70.78,132.4,,86.9
2013-06-21,119.65,136.33,77.15,56.03,118.7,103.6,118.58,95.73,131.45,,89.9
2013-06-22,146.58,151.05,81.4,61.5,109.6,118.63,163.13,107.43,127.85,,80.6
2013-06-23,105.48,122.75,82.38,60.18,108.4,118.93,111.0,96.53,115.125,,85.8
2013-06-24,107.68,114.4,74.43,38.03,100.03,123.15,78.53,97.58,103.4,,94.8
2013-06-25,51.9,65.08,40.95,23.03,101.35,91.48,53.53,67.95,59.6,,62.5
2013-06-26,61.25,79.13,56.68,36.53,75.85,83.38,72.35,73.73,74.475,,72.6
2013-06-27,60.0,78.35,52.43,36.08,78.63,86.83,69.7,72.45,73.65,,75.5
2013-06-28,86.33,103.83,76.38,54.85,91.28,106.48,88.4,87.15,98.35,,94.5
2013-06-29,84.08,97.3,63.53,44.13,97.63,107.83,93.98,82.48,92.0,,81.6
2013-06-30,85.6,102.93,66.75,48.35,97.7,93.38,95.23,66.55,95.225,,84.1
2013-07-01,77.1,94.0,58.5,45.88,93.5,103.58,76.4,82.33,88.075,,85.2
2013-07-02,92.38,105.45,70.8,62.9,92.85,118.2,109.38,91.55,100.65,,97.1
2013-07-03,109.73,119.48,76.68,73.88,101.48,122.6,107.25,101.93,116.2,,111.3
2013-07-04,108.7,121.73,72.75,69.0,102.13,117.65,101.88,95.55,121.175,,94.8
2013-07-05,97.95,116.0,67.33,52.93,107.23,109.88,107.58,93.95,112.425,,81.7
2013-07-06,114.78,133.03,82.3,64.38,113.5,129.75,120.05,100.03,126.675,,81.3
2013-07-07,116.15,128.15,78.33,52.9,120.93,136.55,117.08,95.13,126.975,,96.7
2013-07-08,104.23,116.33,72.23,45.2,112.98,126.23,99.5,89.63,116.475,,83.9
2013-07-09,114.35,120.6,76.63,48.58,117.0,111.53,107.0,81.38,117.675,,97.3
2013-07-10,124.03,142.9,90.45,69.8,103.78,114.53,127.63,60.58,136.525,,75.8
2013-07-11,117.53,137.4,83.38,56.6,98.53,115.05,111.08,91.13,133.925,,103.7
2013-07-12,76.9,89.4,61.23,33.2,107.08,114.4,80.78,95.58,86.35,,99.7
2013-07-13,92.75,112.88,78.33,67.23,114.63,117.78,98.8,96.9,106.325,,102.3
2013-07-14,102.23,120.45,85.55,70.65,108.05,121.13,105.28,105.6,113.05,,103.4
2013-07-15,94.83,114.33,71.08,53.98,103.93,123.8,95.03,102.9,108.225,,104.8
2013-07-16,78.88,96.28,66.1,48.85,99.05,117.7,85.05,70.93,91.95,,90.3
2013-07-17,92.78,100.33,64.85,56.75,104.15,109.65,96.75,97.3,99.65,,100.2
2013-07-18,94.4,101.93,63.48,56.63,102.1,108.2,95.0,92.38,98.975,,99.7
2013-07-19,111.1,119.95,78.23,69.2,102.55,110.8,118.2,98.23,118.525,,113.3
2013-07-20,123.53,147.03,84.5,82.58,124.25,140.43,120.15,121.95,137.675,,126.0
2013-07-21,78.85,95.28,70.4,54.33,122.65,138.83,88.15,91.58,95.675,,96.2
2013-07-22,79.95,95.44,61.35,51.48,102.43,118.78,82.75,99.15,92.4,,105.8
2013-07-23,104.98,122.65,79.13,66.2,100.5,129.2,113.6,94.55,120.375,,108.6
2013-07-24,132.08,151.28,90.23,86.95,122.63,154.48,,118.35,145.35,,
2013-07-25,132.4,125.34,94.03,85.15,137.35,157.78,,136.33,145.975,,
2013-07-26,135.78,135.33,100.23,84.53,145.0,159.33,,133.6,147.675,,
2013-07-27,146.6,141.73,95.58,98.9,144.25,160.93,,141.58,152.525,,
2013-07-28,154.63,144.65,102.33,111.68,141.08,153.03,,136.63,156.55,,
2013-07-29,160.15,172.03,104.1,103.65,129.45,148.63,,132.85,195.175,,
2013-07-30,101.65,80.95,76.25,41.88,104.73,145.35,89.53,99.95,163.6,,103.5
2013-07-31,96.8,101.65,75.0,54.55,108.63,,106.58,92.15,109.2,,98.6
2013-08-01,105.43,108.78,79.23,63.98,107.73,,97.13,105.85,116.75,,114.0
2013-08-02,104.25,104.38,75.43,62.35,102.8,,114.75,96.48,113.275,,111.8
2013-08-03,142.03,125.15,86.93,86.33,103.85,,142.95,104.3,138.225,,112.5
2013-08-04,133.15,133.88,90.48,81.33,130.75,,121.7,117.5,145.55,,129.8
2013-08-05,113.93,122.13,85.23,82.15,134.45,,112.05,104.38,138.925,,116.4
2013-08-06,128.5,128.88,83.55,80.73,142.45,,132.38,112.23,138.875,,135.6
2013-08-07,135.25,124.23,90.18,79.05,119.6,,159.05,112.55,136.15,,119.8
2013-08-08,122.25,110.78,89.13,73.63,119.1,,131.83,104.63,127.325,,116.7
2013-08-09,126.55,116.25,95.3,82.83,123.35,,136.2,104.48,130.8,,121.4
2013-08-10,118.48,137.0,95.13,81.84,128.23,,110.45,112.48,130.125,,117.7
2013-08-11,98.43,100.65,84.68,56.33,117.15,,98.03,116.65,107.8,,
2013-08-12,115.48,109.75,82.33,74.93,116.63,,124.85,112.98,118.575,,
2013-08-13,145.0,137.9,104.1,99.7,133.0,,130.38,105.35,151.7,,
2013-08-14,89.98,95.0,80.85,63.78,124.83,,95.63,115.05,106.35,,
2013-08-15,91.55,94.55,78.98,57.13,109.38,,97.43,100.38,102.225,71.7,
2013-08-16,115.83,110.43,84.23,63.65,114.58,,109.08,80.53,116.325,88.25,
2013-08-17,135.65,126.25,96.8,77.73,106.95,,125.78,101.15,137.95,96.5,
2013-08-18,164.23,158.45,112.98,111.63,122.73,,141.55,112.48,153.875,104.575,128.5
2013-08-19,140.33,129.13,99.1,88.2,120.63,,148.88,100.15,141.25,108.75,121.0
2013-08-20,111.25,111.98,90.98,58.65,130.6,,94.28,109.23,126.7,90.25,126.5
2013-08-21,72.98,74.18,51.8,31.73,122.68,,81.28,97.65,77.75,54.625,99.6
2013-08-22,97.28,99.65,80.63,41.93,120.3,,88.53,77.93,111.5,83.575,113.2
2013-08-23,112.85,110.4,86.3,64.85,122.63,,111.05,101.6,123.85,97.775,130.2
2013-08-24,123.3,115.55,87.05,60.93,126.2,,111.53,105.63,128.6,90.2,111.2
2013-08-25,121.7,114.85,83.8,64.0,119.95,,114.75,101.7,123.775,90.775,118.5
2013-08-26,83.13,77.83,57.68,21.9,109.45,,77.48,92.23,87.1,47.875,107.9
2013-08-27,69.8,57.65,52.8,15.53,95.9,,88.15,62.88,73.575,52.15,64.5
2013-08-28,63.13,63.03,39.65,0.0,98.08,81.54,64.83,64.55,70.75,44.725,83.2
2013-08-29,46.68,46.83,29.18,7.2,95.05,97.33,64.25,66.78,54.45,40.55,81.5
2013-08-30,63.53,68.58,43.23,2.2,104.3,106.63,69.85,73.2,70.75,46.075,91.0
2013-08-31,99.83,105.55,82.13,1.83,98.25,95.12,108.33,87.0,113.575,74.9,110.0
2013-09-01,115.53,119.28,100.7,1.68,111.88,,120.33,87.83,128.95,84.175,117.3
2013-09-02,73.0,79.5,71.85,1.65,109.98,,72.03,76.88,92.2,57.075,99.3
2013-09-03,57.3,58.4,37.53,1.2,90.93,,56.2,61.13,57.75,44.575,75.9
2013-09-04,81.63,82.25,66.55,1.88,90.08,,83.93,72.08,89.7,51.25,92.6
2013-09-05,103.35,99.93,85.23,1.38,103.3,117.23,99.2,84.38,113.775,74.15,105.8
2013-09-06,100.23,100.53,80.68,1.38,109.58,117.0,105.9,86.2,109.075,84.95,108.4
2013-09-07,88.28,90.88,73.98,1.45,114.13,120.85,94.2,93.15,96.3,67.325,109.8
2013-09-08,114.13,113.63,97.35,1.63,111.9,125.98,0.0,93.63,128.125,83.5,116.4
2013-09-09,87.68,82.28,77.4,6.18,111.78,124.43,61.8,58.33,119.325,47.0,105.3
2013-09-10,92.88,95.0,73.2,43.23,99.75,111.1,90.48,81.7,102.5,80.45,115.8
2013-09-11,65.28,65.93,45.1,20.98,101.25,100.88,61.15,50.18,74.75,46.975,85.2
2013-09-12,43.03,45.05,28.83,15.23,86.18,,63.03,58.4,50.075,30.875,62.2
2013-09-13,69.15,76.55,57.4,31.45,92.3,,76.5,43.05,79.725,53.575,82.2
2013-09-14,74.33,75.63,58.23,32.58,90.93,,77.88,58.7,84.075,56.575,91.7
2013-09-15,105.38,96.08,79.3,41.48,95.45,,103.13,72.38,106.0,64.35,102.8
2013-09-16,89.0,77.73,60.98,30.83,107.48,97.66,100.18,50.33,105.9,58.7,103.8
2013-09-17,66.53,67.55,63.53,37.93,86.78,92.05,83.08,57.1,88.075,57.7,87.5
2013-09-18,72.85,63.75,56.35,29.63,83.3,92.85,75.5,46.65,73.225,48.1,80.2
2013-09-19,31.45,23.3,26.48,4.98,87.48,91.5,54.6,40.38,65.75,22.675,52.7
2013-09-20,60.2,65.68,48.95,28.2,85.05,91.85,71.7,48.43,71.125,42.4,75.2
2013-09-21,53.78,58.73,39.7,22.05,82.7,91.43,55.9,56.33,60.925,39.825,73.0
2013-09-22,67.1,69.48,53.25,35.38,70.98,82.68,73.63,56.43,73.325,40.8,70.7
2013-09-23,54.98,54.55,36.6,16.83,79.58,83.78,57.5,45.25,57.725,40.7,74.5
2013-09-24,55.73,59.1,35.03,24.65,85.83,89.35,59.36,30.68,59.35,40.3,73.7
2013-09-25,81.4,82.75,62.95,37.78,103.6,110.65,85.75,,112.2,62.225,104.8
2013-09-26,101.58,96.83,65.78,32.58,106.53,120.28,97.68,,111.0,55.74285714,105.5
2013-09-27,54.1,65.13,40.05,19.98,92.83,113.35,64.18,,65.7,29.95,73.3
2013-09-28,35.68,46.28,28.6,14.4,88.18,94.7,53.68,,44.625,31.95,70.5
2013-09-29,35.23,37.7,23.2,13.3,96.15,93.78,63.2,,42.725,22.875,60.2
2013-09-30,33.85,33.75,30.38,11.7,93.88,53.83,42.98,,51.0,30.475,56.6
2013-10-01,37.08,35.73,31.83,13.55,84.35,59.5,43.95,,48.7,28.775,43.0
2013-10-02,26.0,34.75,21.18,10.7,63.5,59.8,31.35,,35.25,20.625,36.1
2013-10-03,45.53,53.68,36.95,27.73,70.68,60.1,52.68,,50.175,49.6,46.6
2013-10-04,53.8,64.8,52.5,36.98,76.0,84.58,62.98,,70.025,59.075,75.3
2013-10-05,78.4,69.0,62.1,39.48,86.75,86.9,80.2,,85.175,75.7,75.1
2013-10-06,84.93,77.4,70.83,51.08,97.6,92.35,80.38,,89.0,76.575,85.6
2013-10-07,73.7,62.73,60.48,30.15,97.68,94.38,72.18,,85.325,62.775,90.1
2013-10-08,91.38,78.93,75.13,46.58,90.7,102.1,93.3,,100.2,79.8,104.4
2013-10-09,82.18,79.15,70.85,45.98,84.53,101.7,76.23,,86.85,64.025,99.6
2013-10-10,63.68,51.15,47.15,17.35,92.03,80.75,75.58,,76.375,57.875,81.1
2013-10-11,60.43,47.45,40.75,9.38,95.93,81.95,63.8,,71.1,59.15,84.6
2013-10-12,73.55,63.08,55.78,19.13,84.48,80.18,74.13,,79.925,62.575,80.7
2013-10-13,60.7,57.18,47.23,17.5,85.58,61.03,56.58,,68.475,46.975,54.0
2013-10-14,49.03,51.3,35.03,15.9,93.35,79.2,42.13,,63.05,41.925,70.5
2013-10-15,60.0,65.05,48.03,15.13,97.6,,70.88,,79.25,47.25,71.4
2013-10-16,39.45,43.08,25.25,17.4,91.25,,60.15,,56.675,38.525,57.5
2013-10-17,41.43,41.3,28.5,2.47,87.2,,42.05,,43.85,39.25,50.8
2013-10-18,49.5,59.63,29.2,18.45,82.85,,51.63,7.4,60.2,44.5,55.1
2013-10-19,54.53,52.75,47.7,28.18,91.75,,64.2,27.6,73.35,57.275,74.2
2013-10-20,65.5,54.85,48.03,28.8,99.25,,72.95,40.38,83.025,57.825,84.6
2013-10-21,74.4,60.73,31.93,16.0,99.1,,64.55,26.03,72.825,49.25,87.9
2013-10-22,53.23,30.45,35.33,10.48,88.05,,66.53,22.1,90.175,46.9,89.8
2013-10-23,79.53,68.4,61.93,17.73,87.45,,68.9,50.1,92.05,65.525,83.0
2013-10-24,85.88,73.04,65.17,38.28,92.4,,,67.63,97.7,66.075,77.2
2013-10-25,78.0,68.53,46.43,15.45,83.35,,,29.93,84.575,54.025,85.3
2013-10-26,57.15,34.15,34.28,14.3,79.93,,,17.4,95.675,54.25,83.6
2013-10-27,91.03,81.6,60.58,32.28,84.43,,,25.5,102.65,53.575,83.7
2013-10-28,52.25,29.15,28.6,5.53,81.5,,,17.4,67.075,43.025,62.5
2013-10-29,62.38,43.15,36.63,11.73,79.03,,,16.88,74.9,44.525,74.4
2013-10-30,47.05,39.95,39.13,7.65,78.58,,,16.9,77.025,35.65,72.4
2013-10-31,39.55,48.03,28.75,14.03,99.25,,,24.75,47.425,39.4,47.3
2013-11-01,51.65,37.35,38.58,9.35,105.6,41.88,,21.98,56.025,30.875,43.8
2013-11-02,55.73,40.3,32.28,10.1,102.2,96.78,,22.3,56.9,32.925,69.3
2013-11-03,58.53,37.13,39.05,12.83,92.35,91.83,,42.38,53.325,43.425,79.6
2013-11-04,63.65,65.58,53.03,33.3,90.0,88.15,,42.5,65.95,45.725,72.1
2013-11-05,66.95,56.38,54.6,31.55,87.4,85.5,,49.28,65.5,52.6,72.5
2013-11-06,51.35,45.93,37.38,11.98,83.45,80.4,,36.28,53.3,32.05,48.5
2013-11-07,44.5,23.9,24.93,8.15,83.98,77.53,,21.38,44.775,31.1,46.9
2013-11-08,39.45,26.48,27.73,7.25,82.23,80.03,,6.0,53.9,37.55,51.7
2013-11-09,47.23,27.83,29.7,10.28,82.08,82.83,,28.0,64.7,31.65,68.4
2013-11-10,37.33,33.9,27.48,9.23,85.55,79.35,,15.3,55.85,34.225,52.2
2013-11-11,49.45,48.35,41.68,18.25,86.4,67.53,,31.25,58.8,43.725,52.0
2013-11-12,23.93,24.03,14.4,7.2,71.83,42.43,,22.5,21.5,18.5,37.5
2013-11-13,22.48,23.63,21.8,6.58,91.48,40.0,,10.2,34.5,9.525,21.0
2013-11-14,9.2,11.33,7.58,2.75,57.5,49.95,,20.2,10.75,8.25,30.1
2013-11-15,33.5,30.0,31.35,12.33,63.9,42.68,,25.23,42.0,32.825,43.9
2013-11-16,45.53,45.94,42.73,21.35,71.95,56.2,,25.85,51.975,38.15,51.1
2013-11-17,22.38,29.58,14.65,8.43,84.68,60.23,,12.9,23.9,24.825,34.8
2013-11-18,36.48,29.7,31.5,10.13,100.85,57.75,,18.75,46.325,33.8,50.1
2013-11-19,45.25,40.43,39.92,20.15,99.9,58.83,,34.18,48.05,40.5,48.5
2013-11-20,49.73,37.73,35.95,22.08,86.15,76.85,,37.98,63.2,41.175,48.4
2013-11-21,42.7,23.35,22.6,4.85,93.78,76.9,,33.55,,26.925,56.6
2013-11-22,45.73,34.2,51.13,7.43,93.9,77.8,,18.58,,43.275,50.1
2013-11-23,43.1,38.85,33.6,14.43,89.78,,,36.15,,34.55,48.7
2013-11-24,31.3,29.03,16.73,5.98,95.23,,,24.0,,30.75,40.8
2013-11-25,4.58,43.38,21.93,14.05,70.3,,,29.68,,33.825,48.7
2013-11-26,4.6,38.45,27.23,13.73,70.4,,,25.45,,30.1,44.4
2013-11-27,4.6,38.0,27.43,12.2,55.98,,,24.43,,28.35,42.3
2013-11-28,4.63,31.35,17.55,4.73,65.7,,,10.9,,23.8,35.6
2013-11-29,4.6,34.25,27.0,9.7,,,,0.0,,25.35,26.2
2013-11-30,,26.33,31.43,8.1,,73.78,,27.0,,36.375,59.9
2013-12-01,,19.63,9.1,3.45,,69.43,,26.68,,24.525,35.7
2013-12-02,,20.55,9.3,4.03,,47.18,,20.98,,19.575,40.8
2013-12-03,,17.85,23.33,3.85,,48.9,,27.28,,21.1,47.8
2013-12-04,,27.58,23.48,6.45,,75.73,25.2,13.85,,23.0,47.2
2013-12-05,,17.05,11.4,2.95,,74.38,18.73,8.35,,18.9,24.6
2013-12-06,,11.83,10.78,2.68,,68.15,39.48,24.78,,16.5,47.5
2013-12-07,,48.65,31.08,13.15,,70.1,47.63,19.93,,37.525,58.6
2013-12-08,,39.75,30.13,12.58,,70.23,46.43,14.7,,32.3,50.8
2013-12-09,,35.65,23.33,5.15,,79.18,49.13,15.48,,33.225,29.0
2013-12-10,,38.98,25.83,10.85,,74.75,39.95,24.8,,30.625,47.8
2013-12-11,,28.33,20.58,7.33,,69.0,19.38,19.6,,24.875,47.7
2013-12-12,,10.93,8.2,3.45,,65.7,17.73,19.13,,26.55,53.5
2013-12-13,,34.15,19.53,6.73,,60.88,29.78,14.58,,22.95,51.2
2013-12-14,,25.38,11.75,3.95,,78.93,25.38,15.53,,16.875,42.5
2013-12-15,,25.65,14.43,5.2,,74.25,31.45,12.6,,22.9,39.2
2013-12-16,,7.53,4.65,1.98,,43.73,15.78,15.2,,9.95,36.5
2013-12-17,,27.55,16.73,5.3,,55.58,34.08,22.2,,22.65,46.6
2013-12-18,,33.53,21.88,9.43,,75.15,33.53,24.03,,26.0,48.4
2013-12-19,,17.95,7.73,3.35,,77.03,20.85,13.93,,,47.1
2013-12-20,,6.0,11.25,3.2,,81.05,11.5,14.0,,,45.3
2013-12-21,,15.43,13.18,3.6,,78.7,16.85,12.0,,,43.4
2013-12-22,,10.68,21.3,3.1,,81.88,14.93,14.68,,,49.0
2013-12-23,,6.1,10.23,4.23,,83.95,26.28,11.48,,,40.6
2013-12-24,,19.2,28.93,5.13,,81.33,39.18,12.8,,,70.6
2013-12-25,,37.88,37.43,8.1,,69.78,43.83,13.45,,,74.6
2013-12-26,,42.35,34.08,15.7,,68.2,48.25,24.05,,,64.4
2013-12-27,,35.0,30.78,15.38,,66.03,39.08,37.8,,,41.0
2013-12-28,,34.15,29.9,7.43,,71.38,44.15,22.58,,,
2013-12-29,,38.38,25.83,10.2,,86.63,21.45,14.53,,,
2013-12-30,,10.55,4.18,1.88,,83.53,16.03,6.9,,,
2013-12-31,,28.6,23.95,7.25,,43.35,38.4,23.28,,,
