Datum,Beograd Novi Beograd,Beograd Stari grad,Beograd Vracar,Kamenicki Vis EMEP,Kikinda Centar,Kostolac,Kragujevac,Novi Sad SPENS,Novi Sad Liman,Nis IZJZ Nis,Nis O.s. Sveti Sava,Sremska Mitrovica,Sabac,Smederevo Carina,Uzice,Valjevo,Vranje,Zajecar
2016-1-1,,0.96,0.92,0.17,0.69,,,0.35,,2.92,2.71,1.25,2.00,1.55,,0.67,,
2016-1-2,,0.98,0.92,0.29,0.36,,,0.38,,2.75,2.71,1.09,0.87,1.35,,0.33,,
2016-1-3,,0.65,0.50,0.25,0.33,,,0.08,,0.87,0.78,0.67,0.62,0.91,,0.33,,
2016-1-4,,0.85,0.58,0.29,0.40,,,0.34,,1.91,1.71,1.09,1.04,1.25,,0.93,,
2016-1-5,,1.16,1.13,0.34,0.62,,,0.46,,6.98,7.22,1.47,1.91,1.62,,1.28,,11.31
2016-1-6,,,,0.34,0.72,,,0.98,,7.03,7.19,2.38,2.13,1.83,,2.40,,10.00
2016-1-7,,1.14,1.02,0.65,0.66,,,0.62,,2.66,3.29,1.88,5.82,1.45,,1.54,,1.28
2016-1-8,,2.31,2.69,0.38,0.61,,,1.78,,5.21,4.75,2.42,6.44,2.28,,1.91,,7.89
2016-1-9,,2.28,2.51,0.26,0.56,,,1.35,,5.53,5.07,2.66,5.19,1.76,,4.16,,8.75
2016-1-10,,2.22,2.11,0.25,1.15,,,0.96,,7.62,7.95,3.83,4.49,1.19,,4.16,,7.45
2016-1-11,,1.80,1.99,0.25,1.15,,,0.85,,6.56,8.09,3.41,4.37,1.41,,2.81,,7.54
2016-1-12,,1.09,1.29,0.28,0.23,,,0.92,,2.04,2.88,2.42,1.86,1.33,,0.33,,6.75
2016-1-13,,1.09,1.24,0.28,0.37,,,1.16,,2.56,3.07,3.22,3.37,1.71,,0.73,,6.55
2016-1-14,,1.09,1.17,0.28,0.47,,,1.10,,2.71,2.40,3.67,4.99,1.62,,1.02,,6.69
2016-1-15,,0.98,1.09,0.34,0.49,,,0.61,,2.94,2.17,1.58,2.38,1.14,,,,6.91
2016-1-16,,0.76,0.67,0.34,0.37,,,0.53,,1.21,1.23,1.11,0.85,1.05,,,,3.48
2016-1-17,,0.70,0.54,0.31,0.20,,,0.26,,0.73,0.77,0.69,0.63,0.94,,,,1.48
2016-1-18,,0.78,0.66,0.32,0.51,,,0.25,,0.73,0.86,1.10,0.69,0.96,,,,2.97
2016-1-19,,1.08,1.41,0.33,1.12,,,0.44,,2.18,1.53,1.30,2.60,2.97,,,,4.89
2016-1-20,,3.20,2.89,0.32,1.11,,,1.77,,3.96,3.93,3.85,6.78,2.75,,0.94,,1.75
2016-1-21,,4.20,3.61,0.50,1.32,,,1.79,,4.04,3.98,4.51,6.60,3.36,,1.75,,5.58
2016-1-22,,1.05,3.17,0.61,1.08,,,0.85,,2.75,2.99,3.16,4.39,4.73,,0.77,,4.21
2016-1-23,,,4.36,0.42,1.30,,,0.89,,3.29,2.70,3.27,4.61,4.80,,0.53,,4.30
2016-1-24,,1.94,1.88,0.47,0.98,,,0.86,,3.48,2.75,1.55,2.04,3.48,,0.74,,5.13
2016-1-25,,2.03,,0.61,0.92,,,1.45,,4.40,4.24,2.74,2.49,3.21,,1.41,,5.50
2016-1-26,,2.34,,0.49,0.79,,,1.43,,4.79,5.52,2.69,2.93,1.99,,1.57,,5.51
2016-1-27,,2.50,4.32,0.46,1.22,,,2.09,,5.52,5.53,6.91,7.79,3.58,,2.63,,5.25
2016-1-28,,3.34,4.31,0.34,1.26,,,2.14,,6.45,6.29,6.97,8.45,3.77,,1.61,,7.33
2016-1-29,,2.23,4.04,0.42,1.97,,,2.14,,5.04,4.45,4.36,7.30,2.51,,1.19,,8.16
2016-1-30,,1.76,1.64,0.50,1.95,,,1.29,,5.07,4.59,2.91,3.89,2.14,,1.25,,6.66
2016-1-31,,1.23,,0.35,0.55,,,0.67,,4.23,4.67,2.74,3.58,2.00,,1.24,,4.90
2016-2-1,,,1.40,0.34,0.40,,,0.96,,6.53,5.98,2.00,3.31,1.38,,0.91,,8.50
2016-2-2,,,1.78,0.32,0.41,,,1.58,,7.32,8.70,2.41,3.51,1.98,,3.71,,6.68
2016-2-3,,,1.83,0.32,0.82,,,2.19,,7.55,9.12,2.17,3.35,1.65,,3.60,,6.74
2016-2-4,,1.02,0.76,0.35,0.54,,,0.79,,1.59,1.75,1.55,2.30,1.33,,3.50,,3.67
2016-2-5,,0.88,0.76,0.41,0.94,0.48,,1.50,,0.72,1.35,1.57,1.12,1.09,,2.06,,1.20
2016-2-6,,1.01,0.93,0.41,0.97,0.90,,0.59,,2.08,2.37,1.90,2.02,1.29,,3.24,,2.92
2016-2-7,,1.00,0.93,0.38,0.27,0.44,,0.48,,2.40,2.82,1.58,2.46,1.38,,3.37,,3.07
2016-2-8,,0.96,0.94,0.40,0.24,0.31,,0.51,,3.16,3.66,2.57,4.61,1.33,,4.83,,3.46
2016-2-9,,0.97,0.93,0.36,0.27,0.41,,0.76,,3.72,4.19,2.54,4.66,1.40,,5.05,,3.89
2016-2-10,,0.83,0.62,0.35,0.26,0.37,,0.71,,0.91,1.55,1.52,2.44,1.22,,1.91,,1.26
2016-2-11,,0.91,0.91,0.34,1.30,0.48,,0.99,,1.03,1.61,2.18,2.55,1.23,,1.59,,2.98
2016-2-12,,0.91,0.91,0.32,1.45,0.48,,1.04,,1.10,1.67,2.16,2.55,0.95,,2.71,,2.91
2016-2-13,,0.85,0.89,0.38,0.21,0.53,,0.63,,2.11,3.40,1.22,1.58,2.05,,3.19,,2.81
2016-2-14,,0.94,0.96,0.39,0.21,0.59,,0.64,,2.12,3.70,1.32,1.74,2.02,,2.93,,2.84
2016-2-15,,0.78,0.61,0.34,0.24,0.30,,0.36,,1.14,1.97,1.34,1.75,1.29,,2.67,,3.93
2016-2-16,,0.77,0.57,0.42,0.25,0.30,,0.37,,0.72,1.59,1.09,0.65,1.19,,1.02,,
2016-2-17,,0.78,0.56,0.44,0.25,0.33,,0.36,,0.95,1.79,1.06,0.57,0.88,,0.98,,
2016-2-18,,0.79,0.66,0.43,0.13,0.24,,0.31,,0.74,1.58,0.78,0.55,0.82,,0.97,,
2016-2-19,,0.88,0.81,0.41,0.28,0.32,,0.60,,1.36,2.22,1.06,0.61,1.23,,1.07,,
2016-2-20,,1.03,1.11,0.49,0.79,0.76,,1.00,,1.35,2.74,3.52,2.03,1.99,,2.60,,
2016-2-21,,1.62,2.18,0.52,0.80,1.18,,1.06,,2.69,3.72,3.73,5.58,2.47,,3.94,,
2016-2-22,,1.97,2.53,0.41,0.53,1.22,,1.04,,2.78,3.80,3.80,6.12,2.26,,3.92,,
2016-2-23,,1.89,,0.40,0.62,1.20,,0.91,,2.94,4.75,3.04,3.68,2.45,,3.49,,
2016-2-24,1.21,1.62,,0.39,0.47,0.73,,0.83,,2.03,3.53,3.45,2.27,2.11,,3.52,,
2016-2-25,0.53,1.03,0.94,0.40,0.43,0.83,,0.80,,2.03,3.53,3.98,2.78,1.55,,3.99,,
2016-2-26,0.42,0.83,0.50,0.48,0.44,0.28,,0.58,,2.01,3.34,1.16,1.61,1.35,,3.97,,
2016-2-27,0.47,0.89,0.53,0.47,0.85,0.56,,0.59,,1.52,2.92,1.17,1.18,1.45,,2.41,,
2016-2-28,0.38,0.88,0.51,0.44,0.52,0.26,,0.44,,1.49,2.83,1.02,1.07,1.06,,2.85,,
2016-2-29,0.29,0.79,0.47,0.41,0.46,0.23,,0.45,,0.84,2.21,1.18,1.06,0.83,,1.15,,
2016-3-1,0.35,0.51,0.50,0.46,0.46,0.49,,0.53,,0.85,2.38,1.20,0.84,0.94,,1.68,,
2016-3-2,0.38,0.52,0.72,0.55,0.67,0.57,,0.40,0.48,1.52,2.31,1.02,0.64,1.59,,2.23,,
2016-3-3,0.40,0.56,0.73,0.56,0.79,0.59,,0.34,0.44,1.42,1.22,1.08,1.15,1.59,,2.46,1.69,
2016-3-4,0.28,0.48,0.54,0.37,0.80,0.34,,0.46,0.42,1.39,1.21,1.03,1.06,1.04,,1.36,1.32,1.62
2016-3-5,0.24,,0.54,,0.64,0.46,,0.39,0.33,1.05,1.01,1.21,1.50,1.20,1.62,0.77,1.29,1.78
2016-3-6,0.19,0.51,0.53,0.38,0.63,0.37,0.89,0.39,0.31,1.10,1.04,1.06,1.50,1.29,1.48,0.40,1.28,2.64
2016-3-7,0.25,0.56,0.69,0.27,0.93,0.48,0.43,0.32,0.32,1.19,1.28,0.81,0.91,0.91,1.53,0.08,1.46,3.13
2016-3-8,0.25,0.53,0.67,0.27,0.91,0.57,0.63,0.32,0.32,1.70,1.72,1.00,0.56,1.43,2.06,0.10,2.81,3.01
2016-3-9,0.35,0.58,0.59,0.29,0.60,0.34,0.74,0.42,0.42,1.89,1.82,1.35,0.97,2.22,2.14,0.13,2.84,3.12
2016-3-10,0.44,0.66,0.66,0.31,0.66,0.38,0.51,0.80,0.62,0.94,1.06,1.35,1.03,2.28,1.45,0.27,1.54,1.13
2016-3-11,0.55,0.71,0.72,0.31,0.65,0.67,0.87,0.73,0.74,1.12,1.17,1.08,1.73,1.31,1.21,0.39,1.50,2.14
2016-3-12,0.63,0.82,0.77,0.31,0.67,0.67,0.96,0.89,0.80,1.13,1.17,1.01,1.74,1.34,1.14,0.42,1.72,2.29
2016-3-13,0.58,0.48,0.58,0.30,0.61,0.38,0.90,0.48,0.46,0.68,0.73,0.91,1.02,1.74,0.97,0.31,1.61,1.06
2016-3-14,0.65,0.51,0.61,0.29,0.13,0.39,0.90,0.48,0.44,0.75,0.88,0.92,1.05,1.69,0.96,0.38,0.59,1.36
2016-3-15,0.42,0.50,0.49,0.33,0.20,0.69,0.83,0.51,0.34,0.75,0.87,0.90,1.10,1.30,0.92,0.42,1.32,1.59
2016-3-16,0.32,0.46,0.51,0.31,0.77,0.29,0.75,0.32,0.29,0.72,0.75,0.79,1.05,1.17,1.00,0.25,1.95,2.38
2016-3-17,1.19,0.88,2.18,0.28,1.16,0.66,0.76,0.51,0.30,1.31,1.45,2.55,4.05,1.88,1.07,0.21,2.42,2.92
2016-3-18,1.45,1.48,3.46,0.36,1.24,1.15,0.85,0.85,0.55,1.57,1.88,2.94,4.48,2.19,1.11,0.34,3.10,3.76
2016-3-19,0.87,0.85,0.83,0.41,0.42,1.23,0.99,0.86,0.57,1.79,2.03,2.89,3.14,1.65,1.22,0.43,3.24,4.52
2016-3-20,0.91,0.85,0.90,0.32,0.60,0.71,0.76,0.64,0.46,1.83,1.74,3.46,3.53,1.46,1.49,0.49,2.13,2.64
2016-3-21,1.03,0.81,0.96,0.35,0.62,0.90,0.83,0.82,,2.19,2.31,1.44,3.31,1.46,1.55,1.46,2.18,2.98
2016-3-22,0.75,0.62,0.64,0.38,0.50,1.02,0.85,0.48,,1.31,1.36,1.07,1.97,1.32,1.49,1.29,1.77,2.52
2016-3-23,0.60,0.56,0.52,0.37,0.34,0.60,0.40,0.48,0.49,0.98,1.10,1.04,1.52,1.16,1.04,1.26,1.29,1.56
2016-3-24,1.05,0.57,0.38,0.39,0.45,0.43,1.20,0.35,0.35,0.85,1.00,0.72,0.81,1.13,0.72,1.31,0.94,1.24
2016-3-25,1.03,0.87,,0.33,0.46,0.71,,0.48,0.34,1.47,1.53,1.76,2.41,1.45,1.19,1.35,2.53,3.10
2016-3-26,0.94,0.86,1.67,0.34,0.42,0.87,1.00,0.48,0.37,1.60,1.61,1.85,2.54,1.45,1.25,1.84,2.85,3.33
2016-3-27,0.70,0.68,0.95,0.35,0.50,0.71,0.70,0.44,0.44,1.37,1.40,0.78,1.34,0.95,1.22,2.84,1.65,3.24
2016-3-28,0.84,0.83,0.97,0.36,0.57,0.60,1.13,0.59,0.72,1.55,1.54,1.23,2.15,1.08,1.28,3.53,2.11,2.65
2016-3-29,0.69,0.60,0.78,0.39,0.34,0.68,0.94,0.45,0.29,1.78,2.06,1.34,2.17,1.07,1.46,2.18,1.87,2.83
2016-3-30,0.74,0.62,0.87,0.38,0.19,0.65,0.84,0.88,0.26,1.84,2.57,1.29,1.65,0.75,1.54,1.84,3.10,2.21
2016-3-31,0.88,0.53,0.75,0.31,0.20,0.80,0.57,0.58,0.26,1.95,1.71,0.91,1.55,0.57,0.94,1.46,3.69,2.02
2016-4-1,0.62,0.54,0.78,0.31,0.20,0.53,0.59,0.91,0.84,1.58,1.85,0.89,1.17,0.48,1.03,1.15,2.17,1.55
2016-4-2,0.44,0.35,0.48,0.38,0.23,0.26,0.39,0.32,0.29,1.29,1.15,0.54,0.57,0.46,1.05,0.80,2.22,1.11
2016-4-3,0.34,0.34,0.41,0.36,0.27,0.26,0.46,0.21,0.27,0.80,0.76,0.54,0.96,0.47,0.89,0.89,1.17,1.19
2016-4-4,0.51,0.66,0.98,0.36,0.18,0.68,0.47,0.58,0.49,1.07,1.03,0.71,0.97,0.50,0.93,0.80,1.65,1.27
2016-4-5,0.55,0.72,0.99,0.26,0.13,0.71,0.47,0.64,0.22,1.08,1.04,0.71,1.46,0.52,0.94,0.66,1.73,1.25
2016-4-6,0.61,0.60,1.50,0.25,0.16,0.69,0.47,0.66,0.32,1.03,1.00,0.71,1.50,0.68,0.88,0.64,1.19,0.89
2016-4-7,0.64,0.57,1.49,0.24,0.16,0.60,0.41,0.47,0.28,1.00,0.99,0.51,1.17,0.66,0.80,0.63,0.75,0.74
2016-4-8,0.37,0.40,0.51,0.30,0.16,0.28,0.33,0.47,0.31,0.90,0.93,0.55,0.59,0.61,0.78,0.88,0.68,0.66
2016-4-9,0.39,0.33,0.44,0.33,0.13,0.28,0.39,0.48,0.27,0.72,0.74,0.47,0.49,0.48,0.66,0.60,1.25,0.65
2016-4-10,0.46,0.33,0.43,0.40,0.17,0.31,0.35,0.46,0.27,0.65,0.76,0.52,0.56,0.60,0.55,0.78,1.20,0.67
2016-4-11,0.45,0.53,0.87,0.36,0.36,0.55,0.47,0.49,0.25,0.82,0.94,1.03,1.29,0.77,0.67,0.77,0.77,1.14
2016-4-12,0.52,0.55,0.92,0.69,0.39,0.64,0.47,0.68,0.24,0.91,0.95,1.07,1.36,0.77,0.84,0.63,1.07,1.30
2016-4-13,0.49,0.45,,0.22,0.31,0.64,0.57,0.67,0.22,0.90,0.90,0.72,0.78,0.55,1.24,0.80,1.14,0.96
2016-4-14,0.43,0.43,,,0.09,0.64,0.86,0.45,0.25,0.76,0.88,0.62,0.80,0.52,1.08,0.78,1.04,0.84
2016-4-15,0.33,0.34,,,0.08,0.32,0.36,0.37,0.20,0.46,0.46,0.52,0.71,0.54,0.74,0.72,1.02,0.65
2016-4-16,0.42,0.46,,,0.08,0.47,0.31,0.74,0.23,0.49,0.50,0.57,0.78,0.54,0.72,0.72,1.08,0.66
2016-4-17,0.81,0.67,,,0.09,0.59,0.40,0.99,0.27,0.67,0.60,0.73,0.85,0.41,0.75,0.81,0.93,0.59
2016-4-18,0.83,0.66,,,0.10,0.61,0.40,0.78,0.28,0.71,0.59,0.93,0.90,0.42,1.02,1.12,0.96,0.66
2016-4-19,0.29,0.28,,0.18,0.08,0.22,0.33,0.29,0.22,0.54,0.49,0.38,0.46,0.37,0.60,0.47,0.87,0.65
2016-4-20,0.27,,,0.09,0.15,0.46,0.36,0.40,0.17,0.51,0.41,0.39,0.48,0.36,0.59,0.70,0.91,0.93
2016-4-21,0.36,0.44,,0.08,0.14,0.51,0.43,0.47,0.16,0.57,0.41,0.75,0.88,0.53,0.77,0.70,0.94,1.05
2016-4-22,0.45,0.55,,0.12,0.28,0.59,0.32,0.54,0.21,0.85,0.55,0.91,0.93,0.61,0.87,0.62,1.38,0.84
2016-4-23,0.49,0.60,,0.17,0.30,0.67,0.20,0.67,0.19,0.95,0.68,1.04,0.95,0.48,0.96,0.74,1.49,0.89
2016-4-24,0.31,0.36,,0.18,0.18,0.36,0.34,0.41,0.24,0.41,0.43,0.44,0.86,0.45,0.98,0.74,0.69,0.57
2016-4-25,0.41,0.36,,0.20,0.23,0.21,0.34,0.61,0.35,0.40,0.34,0.55,0.59,0.50,0.83,0.94,0.62,0.60
2016-4-26,0.35,0.39,,0.20,0.24,0.44,0.53,0.58,0.34,0.69,0.49,0.51,1.02,0.74,0.86,1.10,0.96,1.28
2016-4-27,0.38,0.41,,0.10,0.11,0.48,0.42,0.41,0.14,0.76,0.59,0.34,1.07,0.74,0.87,1.30,1.19,1.39
2016-4-28,0.34,0.31,,0.16,0.40,0.40,0.79,0.34,0.27,0.70,0.62,0.33,0.67,0.79,1.32,0.86,1.42,1.46
2016-4-29,0.37,0.31,,0.22,0.52,0.35,0.69,0.49,0.26,0.48,0.42,0.30,0.65,0.79,1.39,0.89,1.51,0.92
2016-4-30,0.58,0.40,,0.24,0.52,0.56,0.53,0.48,0.26,0.53,0.52,0.39,0.86,1.06,0.99,1.13,0.81,0.84
2016-5-1,0.70,0.43,,0.21,0.42,0.57,0.47,,0.31,0.64,0.60,0.41,0.95,1.08,1.14,1.38,1.05,0.87
2016-5-2,0.33,0.28,,0.17,0.15,0.31,0.53,,0.20,0.59,0.61,0.26,0.54,0.66,0.88,1.00,0.92,0.76
2016-5-3,0.39,0.31,,0.17,0.18,0.24,0.37,,0.29,0.58,0.60,0.37,0.56,0.60,1.05,1.09,0.87,0.66
2016-5-4,0.41,0.51,,0.17,0.18,0.62,0.49,,0.38,0.49,0.39,0.34,0.56,0.87,1.06,0.99,0.80,0.87
2016-5-5,0.39,0.52,,0.23,0.21,0.74,0.47,,0.25,0.64,0.46,0.26,0.56,0.86,1.34,0.71,0.75,0.84
2016-5-6,0.32,0.34,,0.22,0.21,0.55,0.56,0.51,0.22,0.68,0.53,0.24,0.51,0.61,1.29,0.65,0.74,0.67
2016-5-7,0.39,0.34,0.52,0.18,0.12,0.55,1.18,0.63,0.22,0.55,0.53,0.92,0.73,0.55,0.87,0.61,1.15,0.66
2016-5-8,0.47,,0.75,0.18,0.13,0.42,,0.71,0.19,0.39,0.36,0.96,0.88,0.52,0.99,0.57,1.34,0.55
2016-5-9,0.38,0.40,0.43,0.19,0.15,0.47,0.24,0.46,0.18,0.41,0.39,0.37,0.69,0.68,0.94,0.57,0.84,0.60
2016-5-10,0.45,0.36,0.36,0.19,0.14,0.28,0.43,0.43,0.31,0.50,0.45,0.62,0.69,0.66,1.20,0.64,0.59,0.87
2016-5-11,0.44,0.39,0.34,0.21,0.63,0.30,0.35,0.40,0.28,0.72,0.48,0.55,0.60,0.63,1.20,0.65,0.94,0.97
2016-5-12,0.46,0.39,0.28,0.22,0.64,0.28,0.38,0.38,0.28,1.09,0.86,0.61,0.68,0.85,1.19,0.69,0.95,0.69
2016-5-13,0.38,0.34,0.29,0.22,,0.63,0.34,0.64,0.26,1.03,0.83,0.59,0.63,0.47,0.82,0.65,0.70,0.70
2016-5-14,0.34,0.33,0.29,0.20,,0.32,0.27,0.34,0.19,0.16,0.34,0.56,0.53,0.47,0.64,0.61,1.00,0.62
2016-5-15,0.34,0.30,0.21,0.16,,0.33,0.21,0.27,0.19,0.34,0.31,0.47,0.47,0.38,0.57,0.50,1.03,0.46
2016-5-16,0.33,0.27,0.29,0.10,,0.30,0.29,0.38,0.14,0.52,0.41,0.66,0.54,0.48,0.84,0.72,0.65,0.51
2016-5-17,0.47,0.34,0.45,0.12,,0.47,0.28,0.39,0.16,0.53,0.44,0.93,0.77,0.48,0.82,0.74,0.67,0.74
2016-5-18,0.54,0.36,0.64,0.15,,0.49,0.44,0.42,0.19,0.38,0.37,0.70,0.86,0.48,0.65,0.55,1.08,0.81
2016-5-19,0.32,0.37,0.34,0.16,,0.45,0.46,0.26,0.21,0.43,0.36,0.47,0.54,0.44,0.67,0.57,1.47,0.75
2016-5-20,0.35,0.41,0.35,0.08,,0.34,0.39,0.28,0.24,0.44,0.35,0.54,0.51,0.56,1.37,0.90,0.65,0.56
2016-5-21,0.44,0.44,0.38,0.23,,0.25,0.38,0.50,0.25,0.40,0.36,0.53,0.51,0.43,1.14,0.82,0.64,0.50
2016-5-22,0.54,0.54,0.77,0.12,,0.36,0.27,0.52,0.24,0.34,0.30,0.52,0.55,0.41,0.90,0.43,0.53,0.50
2016-5-23,0.36,0.34,0.24,0.10,,0.30,0.30,0.41,0.23,0.37,0.32,0.52,0.51,0.56,0.67,0.40,0.61,0.50
2016-5-24,0.29,0.28,0.23,0.12,,0.34,0.33,0.19,0.21,0.27,0.32,0.48,0.40,0.38,0.49,0.43,0.64,0.47
2016-5-25,0.37,0.33,0.37,0.17,,0.23,0.37,0.37,0.28,0.70,0.71,0.37,0.37,0.32,0.53,0.38,0.83,0.45
2016-5-26,0.44,0.43,0.58,0.19,,0.41,0.42,0.35,0.31,0.65,0.69,0.55,0.53,0.32,0.68,0.41,0.88,0.44
2016-5-27,0.53,0.71,0.82,0.21,,0.57,0.32,0.33,0.24,0.39,0.36,0.57,0.55,0.44,0.65,0.41,0.68,0.45
2016-5-28,0.49,0.94,0.76,0.22,,0.62,0.28,0.40,0.30,0.39,0.37,0.53,0.57,0.80,0.61,0.43,0.71,0.52
2016-5-29,0.49,0.35,0.36,0.22,,0.41,0.33,0.37,0.32,0.38,0.40,0.59,0.50,0.80,0.59,0.41,0.71,0.51
2016-5-30,0.37,0.34,0.25,0.25,,0.25,0.40,0.35,0.27,0.38,0.44,0.61,0.45,0.67,0.57,0.39,0.60,0.45
2016-5-31,0.38,0.37,0.40,0.27,,0.25,0.23,0.22,0.20,0.33,0.36,0.60,0.45,0.44,0.54,0.29,0.62,0.43
2016-6-1,0.39,0.40,0.44,0.27,,0.25,0.25,0.21,0.20,0.35,0.33,0.56,0.45,0.44,0.58,0.72,0.62,0.43
2016-6-2,0.29,0.22,0.19,0.20,,0.25,0.21,0.61,0.20,0.18,0.28,0.51,0.37,0.34,0.51,0.37,0.59,0.38
2016-6-3,0.32,0.32,0.33,0.16,,0.30,0.43,0.26,0.24,0.28,0.30,0.47,0.35,0.33,0.60,0.38,0.67,0.42
2016-6-4,0.32,0.37,0.34,0.19,,0.34,0.32,0.32,0.23,0.26,0.31,0.52,0.42,0.35,0.70,0.35,0.61,0.44
2016-6-5,0.37,0.42,0.36,0.21,,0.36,0.27,0.27,0.23,0.20,0.26,0.57,0.46,0.44,0.65,0.54,0.56,0.48
2016-6-6,0.39,0.24,0.28,0.21,0.39,0.34,0.34,0.18,0.26,0.30,0.30,0.49,0.33,0.37,0.77,0.55,0.62,0.48
2016-6-7,0.37,0.24,0.23,0.21,0.37,0.29,0.29,0.13,0.23,0.42,0.34,0.42,0.32,0.35,0.67,0.49,0.54,0.47
2016-6-8,0.44,0.25,0.37,0.23,0.34,0.31,0.25,0.29,0.16,0.33,0.33,0.42,0.42,0.40,0.59,0.08,0.51,0.47
2016-6-9,0.37,0.28,0.42,0.19,0.33,0.33,0.27,0.36,0.20,0.23,0.30,0.45,0.43,0.62,0.68,0.08,0.51,0.46
2016-6-10,0.33,0.26,0.17,0.17,0.34,0.29,0.56,0.22,0.26,0.24,0.34,0.55,0.35,0.35,0.77,0.14,0.62,0.52
2016-6-11,0.28,0.25,0.19,0.19,0.26,0.34,0.39,0.18,0.24,0.27,0.33,0.49,0.38,0.37,0.69,0.15,0.81,0.44
2016-6-12,0.28,0.26,0.19,0.20,0.25,0.29,0.36,0.17,0.25,0.28,0.34,0.41,0.37,0.37,0.64,0.18,0.85,0.39
2016-6-13,,,0.16,,0.25,0.32,,0.17,0.26,0.43,0.33,,0.30,0.28,0.81,0.39,0.80,0.49
2016-6-14,0.43,0.25,0.36,0.21,0.25,0.36,0.29,0.16,0.26,0.56,0.37,0.45,0.32,0.33,0.70,0.38,0.82,0.48
2016-6-15,0.42,0.28,0.36,0.22,0.21,0.43,0.22,0.26,0.24,0.50,0.37,0.41,0.46,0.41,0.74,0.08,0.80,0.47
2016-6-16,0.28,0.30,0.31,0.21,0.23,0.34,0.18,0.33,0.25,0.61,0.42,0.43,0.46,0.44,0.86,0.10,0.75,0.53
2016-6-17,0.25,0.29,0.15,0.25,0.23,0.26,0.22,0.12,0.27,0.73,0.68,0.47,0.31,0.58,0.82,0.10,0.75,0.54
2016-6-18,0.27,0.29,0.24,0.28,0.22,0.26,0.16,0.20,0.26,0.83,0.70,0.35,0.32,0.38,0.67,0.08,0.74,0.49
2016-6-19,0.28,0.37,0.28,0.29,0.26,0.33,0.11,0.24,0.25,0.32,0.30,0.35,0.34,0.43,0.59,0.08,0.66,0.43
2016-6-20,0.34,0.23,0.14,0.30,0.23,0.25,0.11,0.08,0.29,0.43,0.27,0.23,0.35,0.41,0.76,0.08,0.72,0.64
2016-6-21,0.28,0.23,0.13,0.31,0.23,0.25,0.11,0.19,0.30,0.45,0.34,0.35,0.30,0.39,0.83,0.17,0.74,0.53
2016-6-22,0.33,0.24,0.13,0.34,0.24,0.25,0.15,0.49,0.35,0.51,0.39,0.40,0.33,0.40,0.73,0.18,0.57,0.51
2016-6-23,0.36,0.24,0.13,0.33,0.26,0.29,0.20,0.52,0.34,0.53,0.42,0.40,0.37,0.45,0.82,0.19,0.55,0.54
2016-6-24,0.33,0.28,0.23,0.31,0.26,0.30,0.20,0.55,0.36,0.45,0.31,0.45,0.41,0.46,0.74,0.19,0.64,0.56
2016-6-25,0.25,0.25,0.12,0.30,0.20,0.23,0.24,0.23,0.30,0.38,0.25,0.41,0.34,0.36,0.66,0.13,0.71,0.49
2016-6-26,0.24,0.26,0.12,0.29,0.20,0.27,0.26,0.25,0.30,0.38,0.21,0.40,0.35,0.38,0.71,0.17,0.60,0.42
2016-6-27,0.21,0.20,0.08,0.31,0.19,0.27,0.20,0.27,0.29,0.39,0.27,0.40,0.29,0.39,0.56,0.17,0.52,0.48
2016-6-28,0.22,0.27,0.08,0.28,,0.24,0.25,0.32,0.29,0.35,0.25,0.30,0.27,0.33,0.70,0.21,0.49,0.41
2016-6-29,0.36,0.30,0.26,0.29,,0.40,0.16,0.33,0.29,0.37,0.32,0.48,0.33,0.33,0.59,0.21,0.59,0.37
2016-6-30,0.45,0.51,0.50,0.31,,0.39,,0.31,0.28,0.38,0.37,0.46,0.44,0.47,0.64,0.18,0.58,0.44
2016-7-1,0.35,,0.50,0.33,,0.33,0.29,0.37,0.43,0.60,0.44,0.51,0.48,0.57,0.83,0.20,0.58,0.49
2016-7-2,0.40,0.39,0.31,0.37,,0.29,0.21,0.45,0.35,0.60,0.44,0.39,0.45,0.49,0.77,0.22,0.64,0.48
2016-7-3,0.34,0.41,0.29,0.37,,0.31,0.15,0.56,0.40,0.39,0.30,0.32,0.51,0.56,0.67,0.30,0.65,0.42
2016-7-4,0.21,0.15,0.27,0.37,,0.20,0.15,0.27,0.23,0.32,0.27,0.16,0.34,0.31,0.66,0.27,0.54,0.39
2016-7-5,0.33,0.32,0.48,0.29,,0.27,0.15,0.39,0.25,0.33,0.27,0.24,0.36,0.41,0.62,0.18,0.54,0.39
2016-7-6,0.18,0.20,0.22,0.29,,0.26,0.21,0.31,0.33,0.32,0.24,0.22,0.38,1.06,0.70,0.21,0.49,0.40
2016-7-7,0.16,0.14,0.22,0.31,,0.24,0.21,0.32,0.29,0.31,0.25,0.16,0.28,0.27,0.62,0.22,0.47,0.41
2016-7-8,0.20,0.24,0.36,0.25,,0.33,0.19,0.36,0.26,0.37,0.27,0.27,0.33,0.41,0.61,0.18,0.46,0.39
2016-7-9,0.18,0.34,0.28,0.31,,0.28,0.26,0.36,0.33,0.40,0.30,0.27,0.37,0.55,0.64,0.24,0.52,0.40
2016-7-10,0.19,0.23,0.26,0.33,,0.25,0.25,0.38,0.34,0.41,0.35,0.27,0.35,0.33,0.60,0.25,0.61,0.43
2016-7-11,0.22,0.32,0.30,0.31,,0.38,0.24,0.38,0.35,0.36,0.29,0.38,0.42,0.45,0.72,0.24,0.49,0.48
2016-7-12,0.15,0.27,0.22,0.31,,0.27,0.20,0.33,0.40,0.37,0.23,0.52,0.49,0.63,0.74,0.28,0.59,0.55
2016-7-13,0.18,0.39,0.25,0.35,,0.22,0.19,0.30,0.42,0.41,0.21,0.48,0.43,0.49,0.81,0.33,0.70,0.54
2016-7-14,0.18,0.38,0.25,0.34,,0.28,0.20,0.30,0.40,0.45,0.29,0.31,0.40,0.73,0.73,0.34,0.72,0.54
2016-7-15,0.13,0.13,0.15,0.33,,0.08,0.14,0.31,0.41,0.26,0.24,0.11,0.32,0.17,0.76,0.32,0.48,0.44
2016-7-16,0.13,0.14,0.13,0.30,,0.19,0.21,0.34,0.37,0.25,0.26,0.15,0.26,0.18,0.66,0.31,0.54,0.39
2016-7-17,0.08,0.14,0.17,0.30,,0.17,1.26,0.36,0.34,0.25,0.25,0.11,0.24,0.21,0.60,0.19,0.48,0.33
2016-7-18,0.13,0.17,0.25,0.31,,0.26,0.27,0.68,0.33,0.34,0.32,0.19,0.30,0.22,0.62,0.24,0.54,0.39
2016-7-19,0.16,0.21,0.26,0.33,,0.32,0.23,0.94,0.23,0.38,0.33,0.19,0.30,0.23,0.68,0.25,0.57,0.42
2016-7-20,0.19,0.25,0.35,0.33,,0.26,0.23,0.23,0.15,0.35,0.31,0.24,0.34,0.23,0.70,0.23,0.47,0.36
2016-7-21,0.27,0.31,0.37,0.33,,0.26,0.19,0.17,0.10,0.37,0.30,0.37,0.37,0.32,0.72,0.24,0.52,0.42
2016-7-22,0.36,0.43,0.49,0.34,,0.37,0.18,0.20,0.14,0.42,0.31,0.37,0.45,0.36,0.74,0.25,0.53,0.49
2016-7-23,0.34,0.50,0.38,0.38,0.25,0.38,0.27,0.26,0.14,0.42,0.36,0.45,0.50,0.54,0.74,0.28,0.52,0.49
2016-7-24,0.52,0.85,0.68,0.40,0.28,0.35,0.24,0.32,0.16,0.49,0.43,0.45,0.45,0.93,0.64,0.29,0.55,0.46
2016-7-25,0.17,0.30,0.21,0.44,0.26,0.23,0.25,0.18,0.16,0.52,0.48,0.40,0.33,0.38,0.83,0.32,0.70,0.56
2016-7-26,0.22,0.27,0.22,0.44,0.23,0.31,0.27,0.26,0.26,0.37,0.31,0.36,0.40,0.38,0.98,0.32,0.74,0.52
2016-7-27,0.28,0.34,0.45,0.43,0.25,0.36,0.24,0.24,0.17,0.82,0.46,0.41,0.47,0.40,0.81,0.30,0.62,0.48
2016-7-28,0.35,0.39,0.37,0.50,0.27,0.32,0.28,0.28,0.21,0.80,0.45,0.39,0.48,1.02,0.78,0.37,0.61,0.62
2016-7-29,0.32,0.29,0.26,0.50,0.24,0.39,0.28,0.35,0.16,0.45,0.48,0.41,0.33,0.45,0.69,0.37,0.63,0.58
2016-7-30,0.37,0.40,0.42,0.50,0.27,0.46,0.83,0.42,0.18,0.48,0.50,0.47,0.47,0.44,0.92,0.31,0.63,0.57
2016-7-31,0.32,0.55,0.53,0.43,0.21,0.41,0.82,0.48,0.22,0.43,0.39,0.47,0.51,0.49,0.94,0.30,0.61,0.46
2016-8-1,0.18,0.28,0.16,0.45,0.08,0.27,0.24,0.27,0.22,0.40,0.39,0.48,0.38,0.39,0.98,0.30,0.62,0.52
2016-8-2,0.17,0.21,0.19,0.37,0.08,0.23,0.35,0.26,0.22,0.45,0.39,0.38,0.26,0.30,0.91,0.21,0.52,0.44
2016-8-3,0.23,0.22,0.20,0.39,0.13,0.31,0.23,0.27,0.21,0.49,0.40,0.36,0.35,0.30,,0.20,0.54,0.36
2016-8-4,0.29,0.32,0.39,0.40,0.22,0.35,0.26,0.28,0.26,0.42,0.29,0.53,0.42,0.36,,0.19,0.55,0.48
2016-8-5,0.24,0.29,0.19,0.41,0.13,0.21,0.25,0.25,0.27,0.45,0.30,0.55,0.43,0.37,,0.25,0.61,0.50
2016-8-6,0.12,0.29,0.13,0.44,0.15,0.20,0.19,0.25,0.24,0.42,0.27,0.53,0.44,0.32,,0.22,0.66,0.47
2016-8-7,0.10,0.20,0.10,0.41,0.10,0.13,0.21,0.23,0.21,0.24,0.24,0.35,0.22,0.26,,0.22,0.45,0.39
2016-8-8,0.17,0.31,0.20,0.40,0.12,0.38,0.32,0.28,0.21,0.37,0.30,0.42,0.40,0.56,,0.20,0.52,0.45
2016-8-9,0.24,0.31,0.22,0.44,0.24,0.37,0.29,0.34,0.25,0.40,0.39,0.50,0.48,0.41,,0.23,0.60,0.54
2016-8-10,0.29,0.32,0.30,0.46,0.25,0.29,0.28,0.38,0.27,0.40,0.41,0.54,0.51,0.52,,0.29,0.62,0.59
2016-8-11,0.20,0.22,0.19,0.42,0.18,0.29,0.20,0.20,0.19,0.38,0.42,0.32,0.24,0.33,,0.30,0.65,0.54
2016-8-12,0.18,0.13,0.20,0.37,0.18,0.16,0.21,0.27,0.15,0.28,0.28,0.34,0.25,0.23,,0.31,0.51,0.34
2016-8-13,0.30,0.24,0.36,0.37,0.19,0.28,0.20,0.36,0.14,0.30,0.28,0.36,0.33,0.25,,0.28,0.43,0.40
2016-8-14,0.40,0.41,0.46,0.38,0.19,0.35,0.13,0.29,0.13,0.39,0.28,0.49,0.51,0.37,,0.23,0.44,0.39
2016-8-15,0.38,0.65,0.57,0.40,0.22,0.45,0.26,0.31,0.27,0.40,0.32,0.42,0.60,0.52,,0.25,0.51,0.46
2016-8-16,0.38,0.79,0.67,0.41,0.24,0.42,0.39,0.35,0.28,0.41,0.38,0.29,0.63,0.34,,0.25,0.51,0.47
2016-8-17,0.36,0.32,0.26,0.42,0.28,0.35,0.24,0.34,0.25,0.40,0.38,0.30,0.48,0.36,,0.31,0.52,0.45
2016-8-18,0.21,0.32,0.25,0.42,0.31,0.27,0.19,,0.17,0.35,0.32,0.26,0.40,0.43,0.49,0.40,0.48,0.51
2016-8-19,0.29,0.26,0.24,0.22,0.26,0.31,0.22,0.34,0.23,0.37,0.33,0.33,0.40,0.55,0.77,0.40,0.56,0.53
2016-8-20,0.46,0.44,0.49,0.25,0.17,0.26,0.24,0.41,0.22,0.54,0.44,0.34,0.48,0.44,0.52,0.22,0.54,0.47
2016-8-21,0.56,0.64,0.78,0.26,0.23,0.32,0.30,0.52,0.25,0.54,0.51,0.36,0.52,0.73,0.55,0.26,0.50,0.49
2016-8-22,0.35,0.34,0.27,0.29,0.23,0.38,0.31,0.34,0.25,0.57,0.54,0.24,0.29,0.34,0.56,0.31,0.52,0.46
2016-8-23,0.25,0.37,0.29,0.27,0.15,0.24,0.45,0.37,0.29,0.31,0.26,0.29,0.33,0.29,0.60,0.41,0.47,0.49
2016-8-24,0.23,0.34,0.27,0.31,0.20,0.28,0.62,0.33,0.24,0.46,0.35,0.24,0.33,0.28,0.59,0.40,0.58,0.46
2016-8-25,0.28,0.30,0.44,0.31,0.22,0.36,0.45,0.41,0.23,0.40,0.37,0.39,0.40,0.30,0.77,0.37,0.49,0.52
2016-8-26,0.31,0.39,0.57,0.26,0.31,0.43,0.32,0.48,0.22,0.39,0.38,0.42,0.58,0.66,0.75,0.34,0.55,0.50
2016-8-27,0.32,0.76,0.58,0.20,0.32,0.40,0.30,0.52,0.21,0.40,0.32,0.45,0.63,0.83,0.59,0.31,0.56,0.46
2016-8-28,0.42,1.21,0.79,0.21,0.31,0.43,0.20,0.50,0.20,0.45,0.32,0.62,0.58,0.57,0.55,0.31,0.45,0.48
2016-8-29,0.55,0.77,0.79,0.20,0.46,0.35,0.32,0.59,0.24,0.48,0.43,0.61,0.53,0.93,0.68,0.29,0.51,0.59
2016-8-30,0.62,0.88,1.00,0.37,0.34,0.40,0.39,0.44,0.25,0.50,0.45,0.55,0.53,0.41,0.67,0.34,0.53,0.61
2016-8-31,0.30,0.22,0.15,0.35,0.20,0.26,0.33,0.39,0.21,0.43,0.44,0.48,0.51,0.34,0.62,0.36,0.61,0.54
2016-9-1,0.35,0.25,0.17,0.28,0.22,0.37,0.36,0.43,0.19,0.39,0.35,0.48,0.54,0.44,0.61,0.33,0.60,0.53
2016-9-2,0.40,0.37,0.48,0.25,0.27,0.32,0.39,0.49,0.21,0.39,0.42,0.76,0.31,0.43,0.63,0.34,0.55,0.50
2016-9-3,0.51,0.43,0.65,0.26,0.44,0.42,,0.50,,0.39,0.43,0.78,0.38,0.41,0.71,0.35,0.47,0.55
2016-9-4,0.61,,0.91,0.28,0.47,0.43,0.45,0.53,,0.55,0.41,0.70,0.54,0.50,0.71,0.31,0.57,0.57
2016-9-5,0.45,0.70,0.44,0.29,0.24,0.40,0.48,0.43,,0.57,0.42,0.51,0.59,0.65,0.94,0.44,0.60,0.57
2016-9-6,0.19,0.18,0.11,0.28,0.19,0.21,0.30,0.18,,0.43,0.33,0.47,0.45,0.30,0.78,0.42,0.51,0.49
2016-9-7,0.34,0.32,0.15,0.30,0.38,0.34,0.45,0.24,,0.89,0.48,0.55,0.46,0.32,0.85,0.32,0.74,0.79
2016-9-8,0.39,0.33,0.16,0.29,0.44,0.38,0.42,0.24,,0.79,0.49,0.51,0.44,0.31,0.77,0.41,0.67,0.77
2016-9-9,0.62,0.60,0.62,0.31,0.35,0.39,0.54,0.41,,0.68,0.40,0.87,0.80,0.43,1.29,0.42,0.95,0.90
2016-9-10,0.72,0.72,0.93,0.31,0.38,0.50,0.41,0.51,,0.62,0.50,0.92,0.80,1.11,1.16,0.43,1.00,0.81
2016-9-11,0.74,0.70,0.69,0.32,0.36,0.55,0.33,0.45,,0.67,0.56,0.63,0.55,0.63,0.80,0.33,0.94,0.72
2016-9-12,0.28,0.45,0.27,0.33,0.42,0.49,0.34,0.51,,0.68,0.58,0.70,0.82,0.56,1.07,0.33,0.69,0.70
2016-9-13,0.30,0.47,0.45,0.33,0.42,0.48,0.41,0.55,,0.66,0.59,0.72,0.83,1.03,1.02,0.35,0.55,0.67
2016-9-14,0.52,0.49,0.64,0.27,0.27,0.48,0.37,0.46,,0.54,0.53,0.67,0.61,0.53,1.05,0.44,0.56,0.68
2016-9-15,0.61,0.80,0.88,0.30,0.39,0.65,1.02,0.60,,0.61,0.62,1.00,0.83,0.61,0.94,0.45,0.61,0.70
2016-9-16,0.50,1.05,1.09,0.31,0.46,0.70,0.40,0.62,,0.61,0.60,1.03,0.85,0.62,0.96,0.39,1.14,0.63
2016-9-17,0.57,1.06,0.97,0.30,0.27,0.47,0.40,0.59,,0.59,0.51,0.91,0.81,0.48,0.94,0.43,1.22,0.64
2016-9-18,0.37,0.44,0.28,0.31,0.26,0.55,0.27,0.49,,0.70,0.53,0.92,0.44,0.46,0.85,0.40,0.78,0.51
2016-9-19,0.29,0.29,0.18,0.30,0.25,0.24,0.43,0.42,,0.47,0.40,0.48,0.47,0.39,0.87,0.36,0.64,0.54
2016-9-20,0.30,0.28,0.19,0.37,0.27,0.18,0.44,0.32,,0.36,0.34,0.48,0.35,0.30,0.80,0.52,0.60,0.46
2016-9-21,0.29,0.28,0.15,0.37,0.25,0.22,0.41,0.29,0.25,0.43,0.36,0.44,0.39,0.30,0.83,0.51,0.59,0.49
2016-9-22,0.35,0.36,0.52,0.30,0.37,0.45,0.35,0.47,0.16,0.41,0.40,0.93,0.76,0.31,0.90,0.38,0.51,0.46
2016-9-23,0.40,0.99,0.96,0.31,0.55,0.53,0.33,0.54,0.15,0.62,0.51,0.98,1.03,0.63,1.07,0.37,0.63,0.61
2016-9-24,0.50,1.16,1.26,0.27,0.67,0.63,0.38,0.53,0.17,0.62,0.53,1.28,1.10,0.70,1.06,0.33,0.70,0.73
2016-9-25,0.48,0.47,0.56,0.32,0.40,0.69,0.34,0.63,0.23,0.54,0.52,1.32,0.83,0.45,1.15,0.37,0.64,0.75
2016-9-26,0.60,0.50,0.82,0.33,0.72,0.61,0.43,0.46,0.24,0.54,0.44,0.72,0.98,0.40,1.20,0.39,0.85,0.94
2016-9-27,0.66,0.69,0.99,0.29,0.83,0.57,0.41,0.46,0.21,0.45,0.38,0.76,1.05,2.06,1.34,0.34,0.76,0.97
2016-9-28,0.51,0.71,0.82,0.29,0.68,0.75,0.36,,0.41,0.67,0.51,1.06,1.03,0.49,1.33,0.34,0.84,0.99
2016-9-29,0.62,0.80,0.96,0.31,0.30,0.97,0.40,,0.22,0.75,0.58,1.14,1.10,0.76,1.51,0.36,0.75,0.90
2016-9-30,0.60,1.12,1.33,0.31,1.72,1.00,0.62,,0.39,1.09,0.69,1.07,1.16,0.76,1.66,0.38,1.72,0.92
2016-10-1,0.71,1.63,1.79,0.43,,0.92,0.43,,0.21,1.10,0.82,1.18,1.25,1.11,1.61,0.38,1.91,1.04
2016-10-2,0.61,1.15,1.02,0.43,,0.97,0.48,,0.36,1.01,0.77,1.03,0.91,0.71,1.16,0.35,1.46,1.05
2016-10-3,0.33,0.34,0.22,0.46,,0.54,0.48,,0.27,1.01,0.74,0.46,0.38,0.51,0.95,0.62,1.24,0.97
2016-10-4,0.23,0.18,0.11,0.36,0.53,0.52,0.43,0.37,0.19,0.48,0.45,0.53,0.29,0.25,1.04,0.49,0.66,0.79
2016-10-5,0.26,,0.17,0.33,0.29,0.57,0.34,0.37,0.16,0.52,0.46,0.43,0.40,0.43,1.01,1.26,0.74,0.95
2016-10-6,0.47,0.36,0.43,0.31,0.41,0.75,0.62,0.41,0.15,1.03,0.99,0.87,1.47,0.44,1.37,1.27,0.76,1.33
2016-10-7,0.61,0.47,0.47,0.36,0.45,0.50,0.54,0.39,0.29,1.09,0.90,0.86,1.69,0.76,1.86,0.97,1.73,1.20
2016-10-8,0.78,0.86,1.39,0.37,1.18,0.89,0.76,0.49,0.25,1.14,0.83,1.82,2.20,1.15,1.00,0.91,1.19,1.91
2016-10-9,0.97,1.00,1.59,0.37,1.58,1.02,0.71,0.56,0.28,1.22,1.18,2.31,2.91,1.82,1.21,1.61,0.92,2.17
2016-10-10,1.07,1.41,1.72,0.39,2.07,0.90,0.60,0.67,0.33,1.51,1.48,1.48,3.05,2.19,1.38,1.90,1.30,1.57
2016-10-11,0.48,0.47,0.42,0.49,0.34,0.73,0.52,0.41,0.33,1.03,0.93,0.85,1.16,0.89,1.43,1.05,2.91,1.79
2016-10-12,0.42,0.38,0.32,0.61,0.34,0.51,0.62,0.39,0.35,1.65,1.68,0.69,0.81,0.82,1.44,0.96,1.16,1.69
2016-10-13,0.55,0.49,0.48,0.45,0.51,0.64,0.88,0.42,0.34,1.80,1.81,1.27,1.59,0.92,1.88,0.81,0.96,1.85
2016-10-14,0.65,0.54,0.55,0.41,0.54,0.86,0.83,0.42,0.34,1.88,1.21,1.31,1.64,0.91,2.44,1.02,4.52,1.91
2016-10-15,0.53,0.47,0.39,0.41,0.34,0.41,0.93,0.69,0.58,0.97,0.55,1.27,1.37,0.71,2.46,1.06,5.04,1.06
2016-10-16,0.61,0.77,0.58,0.43,0.58,0.57,0.78,0.70,0.57,0.93,0.86,1.24,1.44,1.15,2.26,1.13,1.32,1.30
2016-10-17,0.54,0.68,0.47,0.42,0.53,0.45,0.43,0.47,0.55,0.89,0.86,0.78,0.77,0.77,0.89,1.01,0.61,1.07
2016-10-18,0.25,0.31,0.23,0.37,0.08,0.36,0.30,0.12,0.22,0.52,0.31,0.68,0.60,0.49,1.35,0.83,0.98,0.73
2016-10-19,0.37,0.44,0.78,0.33,0.08,0.41,1.53,0.24,0.29,0.86,0.46,0.70,1.01,0.68,1.30,0.97,1.19,1.20
2016-10-20,0.37,0.42,0.75,0.23,0.08,0.39,0.56,0.24,0.27,0.89,0.47,0.70,0.94,0.62,2.73,1.21,1.44,0.97
2016-10-21,0.38,0.45,0.68,0.23,0.12,0.42,0.40,0.46,0.37,0.88,0.43,0.75,0.94,0.67,2.94,1.14,1.45,1.02
2016-10-22,0.59,0.73,1.10,0.37,0.34,0.47,0.47,0.48,0.39,0.80,0.71,1.25,1.80,1.00,1.36,1.52,1.10,1.83
2016-10-23,0.99,0.75,1.11,0.35,0.98,0.66,1.04,0.89,0.93,0.84,0.73,2.12,3.02,0.97,1.80,1.95,3.11,1.66
2016-10-24,0.96,0.70,0.99,0.28,1.02,0.36,0.84,1.31,1.50,0.98,0.69,2.13,3.14,0.77,2.38,2.50,3.73,0.86
2016-10-25,0.39,0.41,0.57,0.27,0.18,0.26,0.47,0.34,0.60,0.65,0.54,1.27,1.93,0.92,2.77,2.61,2.97,0.59
2016-10-26,0.47,0.48,0.61,0.33,0.26,0.35,0.74,0.35,0.59,0.80,0.54,1.16,1.80,0.60,2.74,3.03,2.50,0.95
2016-10-27,0.64,0.60,0.68,0.33,0.43,0.52,0.46,0.25,0.43,0.63,0.48,1.00,1.29,1.95,1.39,1.23,0.64,1.37
2016-10-28,0.94,0.75,1.18,0.24,0.47,0.57,0.81,0.65,0.49,0.85,0.81,1.89,3.74,2.01,1.41,1.65,0.61,1.17
2016-10-29,1.12,0.87,1.51,0.33,0.32,0.67,0.71,0.73,,1.39,1.14,2.02,4.09,1.07,1.45,1.78,0.98,1.26
2016-10-30,0.46,0.59,0.58,0.34,0.31,0.43,0.51,0.36,,1.43,1.15,1.36,0.87,0.60,1.49,1.23,1.11,0.71
2016-10-31,0.83,0.82,1.04,0.26,0.45,0.91,1.19,1.12,,1.43,1.13,2.33,2.81,1.73,1.49,,3.34,2.28
2016-11-1,0.96,1.10,2.11,0.46,0.51,1.00,1.75,1.18,,2.55,1.78,2.88,3.66,1.66,2.36,,4.13,3.95
2016-11-2,1.27,1.30,2.36,0.24,1.00,0.98,2.24,1.07,0.71,2.60,2.15,2.60,3.89,1.90,2.11,,5.23,3.99
2016-11-3,1.13,1.22,1.82,0.24,0.90,0.76,2.13,0.68,0.56,1.93,2.07,1.71,2.58,1.68,1.37,,4.71,3.83
2016-11-4,0.84,0.78,1.14,0.21,1.27,0.88,1.82,,0.43,2.16,1.67,1.79,2.15,2.44,2.08,,5.85,3.35
2016-11-5,0.82,0.91,1.11,0.24,1.27,0.66,3.28,,0.69,2.26,1.97,1.46,2.42,2.17,5.27,,6.33,3.22
2016-11-6,0.41,0.75,0.71,0.25,0.24,0.31,3.20,,0.45,1.69,1.50,1.25,1.87,1.05,5.66,,3.08,3.09
2016-11-7,0.74,0.70,1.11,0.24,1.62,0.34,1.06,,0.49,1.39,1.08,1.34,1.10,1.72,0.95,,2.30,3.01
2016-11-8,0.76,0.71,1.12,0.24,1.60,0.33,1.20,,0.47,1.06,1.14,1.22,1.02,1.68,1.18,,2.91,2.92
2016-11-9,0.51,0.56,0.60,0.35,0.40,0.34,1.10,,0.49,1.06,1.12,1.05,1.16,0.80,0.93,,2.46,2.92
2016-11-10,1.22,1.25,1.53,0.31,1.17,0.75,1.26,,0.52,1.93,2.03,3.00,4.08,1.53,2.12,,2.66,3.72
2016-11-11,1.58,1.74,2.06,0.27,1.18,0.58,1.30,,0.58,2.45,2.66,2.92,4.38,1.44,3.75,,3.70,3.85
2016-11-12,0.57,0.66,0.77,0.28,0.44,0.39,0.90,,0.46,1.33,0.88,0.94,1.08,1.16,4.13,,3.26,1.20
2016-11-13,0.52,0.53,0.56,0.40,0.51,0.38,0.67,,0.52,0.84,0.69,1.07,0.77,0.59,1.02,,3.30,0.93
2016-11-14,0.73,0.51,0.61,0.30,0.47,0.26,0.60,,0.53,0.83,0.95,1.56,1.65,0.84,1.01,,0.86,0.84
2016-11-15,0.84,0.54,0.94,0.29,0.50,0.75,1.26,,0.37,1.14,1.22,1.47,2.02,2.54,0.92,,0.82,2.25
2016-11-16,1.14,1.15,1.38,0.39,0.53,0.82,1.89,,0.62,2.96,2.44,1.31,1.59,2.59,3.37,,2.49,4.78
2016-11-17,2.61,2.36,2.40,0.32,0.77,0.67,2.67,,1.08,4.44,4.10,2.97,5.52,2.97,4.33,,7.27,5.15
2016-11-18,2.78,2.57,2.88,0.32,0.74,0.44,2.53,,1.26,4.19,3.77,3.31,5.47,,4.36,,7.74,4.38
2016-11-19,0.75,0.79,0.83,0.33,0.38,0.35,2.30,,0.67,3.62,3.20,1.77,3.60,,3.91,,5.64,5.97
2016-11-20,0.46,0.62,0.65,0.39,0.22,0.33,0.84,,0.44,2.16,0.86,1.10,1.58,,3.52,,6.50,6.31
2016-11-21,0.38,0.50,0.50,0.32,0.27,0.26,0.89,,0.32,0.71,0.41,0.81,0.84,,3.11,,8.75,1.24
2016-11-22,0.43,0.55,0.56,0.32,0.26,0.24,0.89,,0.37,0.74,0.41,1.00,0.98,,3.64,,9.14,1.10
2016-11-23,0.52,0.63,0.70,0.30,0.39,0.28,1.64,,0.36,1.21,0.80,0.95,1.38,,3.89,,9.28,1.13
2016-11-24,2.04,1.83,1.57,0.35,0.93,0.47,2.75,,0.81,3.30,3.53,1.71,2.81,,5.68,,5.70,2.45
2016-11-25,2.23,2.00,1.99,0.35,1.56,0.94,2.97,,1.17,4.19,3.61,1.93,2.44,,6.34,,1.31,2.47
2016-11-26,1.87,1.55,2.08,0.36,1.34,0.94,2.75,,0.91,4.24,2.93,1.80,2.44,,7.24,6.60,3.65,1.68
2016-11-27,0.87,1.08,1.03,0.55,0.57,0.62,0.74,,0.95,1.61,1.21,1.14,1.75,,2.57,2.82,3.42,4.75
2016-11-28,0.63,0.71,0.73,0.54,1.36,0.48,0.54,,0.51,0.83,0.70,1.06,1.19,,2.13,1.32,2.47,3.06
2016-11-29,0.80,0.70,0.69,0.33,1.21,0.20,0.45,,0.63,0.76,0.63,0.96,1.07,,0.72,1.58,0.75,2.33
2016-11-30,0.89,1.01,1.18,0.41,0.90,1.26,1.64,,0.63,2.54,2.13,2.74,4.56,,1.73,3.11,2.56,2.75
2016-12-1,0.95,1.04,1.23,0.50,0.41,1.36,1.76,,0.42,3.01,3.01,2.83,4.69,,1.92,4.11,5.22,0.99
2016-12-2,0.91,0.83,0.99,0.39,0.59,0.74,1.18,,0.45,3.24,3.04,1.59,1.96,,2.04,4.04,6.51,0.98
2016-12-3,1.73,1.26,2.27,0.29,1.30,1.00,1.77,,0.52,2.66,2.06,3.89,4.42,,2.06,2.05,1.81,5.28
2016-12-4,2.00,2.23,3.85,0.41,2.39,1.25,2.19,,0.46,3.69,2.70,4.70,4.71,,2.97,6.42,3.96,7.16
2016-12-5,1.40,1.40,1.36,0.37,2.31,0.91,2.61,,0.94,5.38,4.91,1.77,2.91,,4.36,,4.18,6.43
2016-12-6,1.35,1.23,1.29,0.50,0.82,1.11,2.50,,1.10,5.29,5.22,1.73,3.00,,4.38,,3.31,8.41
2016-12-7,1.10,0.99,1.07,0.61,0.70,0.93,2.39,,0.90,4.00,3.27,1.46,2.68,,3.16,,4.56,8.50
2016-12-8,1.87,2.27,3.21,0.50,0.77,1.38,1.91,,1.55,3.90,3.07,2.06,2.59,,5.11,,9.81,2.96
2016-12-9,3.03,3.20,4.49,0.47,,1.92,3.42,,1.68,5.71,5.08,6.49,7.95,,6.52,,11.14,5.60
2016-12-10,3.08,3.72,4.98,0.43,,1.88,3.49,,1.56,5.76,5.33,6.01,8.55,,5.80,,10.93,7.89
2016-12-11,2.62,4.41,5.69,0.55,,1.23,2.69,,1.21,6.31,6.52,6.02,9.80,,6.43,,11.61,8.32
2016-12-12,1.77,1.60,1.51,0.73,,1.04,,,1.00,6.63,6.58,1.87,2.25,,6.19,,10.17,6.90
2016-12-13,1.30,0.95,1.80,0.41,,1.19,,,0.49,2.61,2.23,1.81,4.06,,2.21,,2.00,2.72
2016-12-14,1.30,1.30,1.83,0.36,,1.16,1.40,,1.33,4.29,3.64,2.26,3.87,,4.34,,5.13,2.55
2016-12-15,1.23,1.13,1.00,0.66,,0.67,1.45,,1.26,4.22,3.51,1.85,2.69,,3.89,,5.09,2.72
2016-12-16,0.94,1.09,0.99,0.66,,0.46,1.56,,0.90,1.85,2.38,1.79,2.13,,1.55,,,4.59
2016-12-17,1.51,1.65,1.66,0.58,,0.59,1.71,,0.84,3.08,2.66,2.10,2.12,,3.41,,2.46,1.19
2016-12-18,1.95,1.94,1.92,0.72,,1.23,2.21,,1.00,3.34,2.41,2.27,2.23,2.32,3.66,,3.70,2.30
2016-12-19,0.83,0.85,0.81,0.86,,0.56,0.79,,0.34,2.20,2.75,0.75,1.05,0.76,3.57,0.57,7.84,2.47
2016-12-20,0.82,0.86,0.80,0.99,,0.29,0.62,,0.27,1.18,1.30,1.12,1.46,0.77,2.74,0.76,7.32,2.06
2016-12-21,0.80,0.81,0.90,0.68,,0.55,2.96,,0.37,3.66,2.37,2.18,1.39,1.69,2.24,0.85,1.44,2.24
2016-12-22,0.89,0.86,0.78,0.82,0.13,0.44,2.92,,0.37,4.23,2.51,1.87,1.23,1.09,3.59,0.95,1.92,2.44
2016-12-23,0.89,0.82,0.97,0.94,0.44,0.32,0.71,,0.44,1.27,1.23,1.13,1.14,0.79,3.54,0.31,2.65,1.31
2016-12-24,0.92,0.99,1.09,0.90,0.54,0.57,1.25,,0.54,2.36,2.34,1.04,1.44,1.34,4.61,1.13,1.78,1.18
2016-12-25,1.29,1.48,1.72,0.82,0.64,1.08,2.04,,1.25,3.64,3.61,2.14,2.40,3.33,4.92,5.09,2.33,1.50
2016-12-26,1.30,1.47,1.61,0.66,1.02,1.88,1.42,,1.25,4.65,4.24,6.14,3.94,3.30,5.93,5.52,5.37,
2016-12-27,1.18,,,0.57,1.01,1.71,,,0.78,4.74,,,,2.57,3.62,4.97,5.38,
2016-12-28,0.63,0.54,0.68,0.53,0.65,0.26,0.34,,0.37,1.19,1.28,0.75,1.08,0.33,2.01,0.64,3.79,
2016-12-29,0.67,,0.68,0.57,0.68,0.19,0.51,,0.36,0.84,0.87,0.79,1.14,0.36,1.13,0.40,0.52,
2016-12-30,1.14,1.09,1.13,0.64,1.49,0.50,1.60,,0.80,1.06,1.15,1.86,1.71,0.87,1.40,0.40,0.62,
2016-12-31,1.37,1.55,1.76,0.69,2.11,1.40,1.96875,,0.92,2.86625,2.29,3.69,5.45,3.82,2.52,0.83,1.43,
