Datum,Beograd Novi Beograd,Beograd Mostar,Beograd Vracar,Bor Institut RIM,Cacak,Kamenicki Vis EMEP,Kikinda Centar,Kopaonik,Kosjeric,Kostolac,Kragujevac,Kraljevo,Krusevac,Loznica,Novi Sad SPENS,Novi Sad Liman,Nis IZJZ Nis,Nis O.s. Sveti Sava,Obrenovac Centar,Paracin,Sremska Mitrovica,Sabac,Smederevo Carina,Uzice,Valjevo,Vranje,Zajecar,Popovac
2012-01-01,1.06,1.45,0.75,0.64,0.74,0.63,0.66,0.43,0.5,0.72,0.46,0.97,1.72,1.38,0.74,0.13,1.15,0.87,0.47,1.94,1.95,2.47,1.28,1.12,1.23,1.03,3.16,1.59
2012-01-02,1.57,1.42,1.12,1.38,2.28,0.47,0.51,0.38,0.8,0.27,0.78,1.7,2.18,1.93,0.94,0.32,1.87,1.90,1.09,1.69,1.52,2.71,0.49,2.96,1.57,3.59,2.32,1.44
2012-01-03,1.98,2.17,1.57,1.14,2.30,0.48,0.71,0.39,1.97,0.63,1.06,2.66,3.27,1.65,1.08,0.37,2.77,3.59,1.26,1.78,2.6,3.39,1.21,3.54,2.19,5.66,4.07,1.70
2012-01-04,2.2,2.21,1.72,0.90,2.24,0.53,0.68,0.36,1.74,0.81,1.19,2.42,3.07,1.63,1.13,1.05,2.86,2.34,1.91,2.25,2.27,2.45,0.89,3.18,2.75,7.10,4.35,1.79
2012-01-05,0.51,0.34,0.40,0.25,1.26,0.58,0.34,0.42,1.12,0.29,0.80,1.21,1.10,1.04,0.53,1.18,1.89,1.88,0.42,1.42,0.96,1.33,0.41,2.05,1.42,3.20,2.15,0.88
2012-01-06,0.48,0.31,0.24,0.16,0.86,0.50,0.31,0.44,0.48,0.14,0.72,0.92,0.33,0.38,0.48,0.76,0.27,0.43,0.41,0.93,0.68,0.67,0.4,2.01,0.57,0.41,1.12,0.70
2012-01-07,0.38,0.55,0.16,0.08,0.35,0.46,0.39,0.46,0.33,0.12,0.12,0.23,0.25,0.24,0.41,0.63,0.09,0.24,0.24,0.41,0.61,0.59,0.31,0.43,0.72,0.18,0.62,0.56
2012-01-08,0.64,0.45,0.36,0.23,0.63,0.48,0.5,0.43,0.83,0.46,0.59,0.95,0.98,0.38,0.47,0.48,0.82,0.94,0.34,1.34,1.39,1.24,0.78,0.84,0.54,1.23,1.95,1.10
2012-01-09,0.58,0.35,0.18,0.15,0.35,0.57,0.56,0.46,0.3,0.11,0.32,0.37,0.60,0.25,0.49,0.24,0.57,0.75,0.17,1.09,0.67,0.61,0.42,0.47, ,1.28,1.26,0.91
2012-01-10,0.51,0.68,0.24,0.16,0.49,0.50,0.52,0.46,0.38,0.1,0.34,0.44,0.43,0.35,0.53,0.27,0.58,0.71,0.45,1.00,0.89,0.67,0.52,0.61, ,0.80,2.41,0.91
2012-01-11,0.6,0.72,0.33,0.14,0.53,0.50,0.56,0.46,0.4,0.09,0.43,0.53,0.41,0.45,0.63,0.34,0.64,0.72,0.44,1.18,0.91,0.9,0.67,0.89,1.40,0.82,3.25,1.59
2012-01-12,0.68,1.13,0.51,0.43,1.05,0.48,0.39,0.43,0.64,0.22,0.69,0.77,1.35,0.94,0.68,0.39,1.39,1.61,0.72,1.51,1.57,1.54,0.79,1.12,1.84,1.72,1.93,1.50
2012-01-13,1.03,1.61,0.67,0.79,1.95,0.47,0.5,0.40,0.85,0.41,1.01,1.56,2.63,0.98,1.1,0.51,1.63,1.94,0.94,1.84,1.91,2.17,0.56,2.68,0.74,2.86,1.62,2.09
2012-01-14,0.41,0.50,0.16,0.10,0.57,0.47,0.27,0.46,0.82,0.1,0.33,0.53,0.46,0.41,0.42,0.18,0.48,0.75,0.41,0.95,0.6,0.52,0.25,1.22, ,1.34,0.79,1.29
2012-01-15,0.36,0.41,0.12,0.10,0.32,0.42,0.34,0.44,0.31,0.08,0.35,0.41,0.37,0.12,0.34,0.14,0.24,0.43,0.13,0.75,0.45,0.42,0.23,0.44, ,1.95,1.09,1.04
2012-01-16,0.48,0.52,0.19,0.12,0.36,0.46,0.46,0.45,0.37,0.08,0.36,0.52,0.40,0.25,0.51,0.25,0.27,0.36,0.16,0.86,0.64,0.53,0.35,0.36, ,0.96,1.11,0.91
2012-01-17,0.5,0.63,0.23,0.23,0.48,0.48,0.59,0.45,0.44,0.18,0.31,0.56,0.54,0.29,0.51,0.33,0.58,0.75,0.36,0.87,0.71,0.56,0.5,0.38, ,1.64,1.79,0.99
2012-01-18,0.53,0.65,0.35,0.33,0.61,0.47,0.64,0.46,0.7,0.15,0.80,0.66,0.81,0.59,0.6,0.35,1.29,1.06,0.43,0.83,0.82,0.66,0.61,0.73,0.35,2.07,1.49,1.16
2012-01-19,0.8,1.14,0.63,0.51,1.44,0.48,0.46,0.40,1.12,0.42,0.84,1.04,1.63,0.65,0.64,0.25,2.26,1.95,0.79,1.20,2.1,2.35,0.44,0.60,1.29,3.37,2.15,1.47
2012-01-20,0.73,0.85,0.76,0.34,1.64,0.44,0.36,0.45,1.37,0.23,0.99,1.03,0.98,0.13,0.63,0.40,2.18,2.07,0.46,1.93,2.42,2.29,0.41,0.15,3.27,3.90,1.59,2.07
2012-01-21,0.47,0.21,0.22,0.13,0.41,0.38,0.33,0.46,0.41,0.13,0.26,0.41,0.46,0.30,0.49,0.22,0.37,0.56,0.33,0.65,0.73,0.88,0.32, ,1.51,1.52,0.71,0.84
2012-01-22,0.51,0.41,0.33,0.18,1.09,0.41,0.3,0.42,1.0,0.25,0.70,1.11,1.54,0.49,0.5,0.17,1.78,1.86,0.43,1.61,0.88,1.27,0.42, ,1.42,3.56,0.72,1.38
2012-01-23,0.72,1.27,0.81,0.36,2.46,0.43,0.5,0.46,1.28,0.4,1.27,1.95,2.28,0.92,0.56,0.21,3.06,3.22,0.77,2.49,1.11,2.62,1.31,2.42,3.09,5.80,2.05,2.37
2012-01-24,0.67,1.12,0.60,0.47,1.19,0.41,0.74,0.49,1.2,0.2,1.51,1.47,1.90,0.93,0.56,0.36,3.34,3.30,0.39,1.59,0.76,1.05,0.61,1.65,3.04,6.39,2.22,1.34
2012-01-25,0.46,0.47,0.17,0.16,0.45,0.51,0.32,0.54,0.29,0.08,0.34,0.35,0.49,0.30,0.55,0.27,0.44,0.59,0.26,0.76,0.45,0.57,0.34,0.35, ,0.71,1.23,0.90
2012-01-26,0.52,0.52,0.26,0.21,0.43,0.39,0.36,0.58,0.4,0.08,0.47,0.44,0.42,0.46,0.6,0.33,0.32,0.46,0.25,0.73,0.65,0.61,0.4,0.34, ,0.32,0.82,0.93
2012-01-27,0.67,0.78,0.44,0.25,0.57,0.56,0.71,0.53,1.19,0.14,0.72,0.93,0.78,0.92,0.64,0.47,0.51,0.70,0.75,0.83,1.34,1.0,0.74,0.90,0.63,0.31,0.80,1.19
2012-01-28,0.67,0.74,0.49,0.23,0.58,0.52,0.76,0.52,0.98,0.15,0.70,0.85,0.57,1.13,0.3,0.30,0.65,0.76,0.42,0.38,1.34,1.35,0.52,0.88,0.58, ,0.76,0.82
2012-01-29,0.44,0.45,0.13,0.34,0.31,0.55,0.42,0.54,0.47,0.08,0.25,0.44,0.40,0.47,0.21,0.09,0.34,0.53,0.09,0.48,0.52,0.61,0.29,0.49,0.08, ,0.97,0.77
2012-01-30,0.52,0.65,0.30,0.44,0.83,0.51,0.56,0.39,0.71,0.08,0.96,0.88,1.90,1.27,0.28,0.12,1.07,1.32,0.23,1.11,0.71,1.05,0.39,0.88,0.14, ,1.62,0.83
2012-01-31,0.61,0.72,0.35,0.81,0.86,0.42,0.52,0.33,1.4,0.14,1.34,1.58,3.20,1.51,0.29,0.10,1.44,1.36,0.49,1.09,0.68,1.19,0.71,1.05,0.34, ,1.84,1.13
2012-02-01,0.48,0.54,0.13,0.33,0.72,0.43,0.57,0.38,1.83,0.08,0.98,1.72,3.32,1.67,0.24,0.08,1.99,2.35,0.34,0.86,0.58,1.25,0.35,1.19,0.78, ,0.90,0.52
2012-02-02,0.5,0.59,0.22,0.25,0.24,0.52,0.58,0.37,0.61,0.08,0.26,0.53, ,0.39,0.29,0.11,0.34,0.70,0.08,1.07,0.48,0.69,0.23,0.62, ,0.56,0.09,0.64
2012-02-03,0.61,0.69,0.26,0.30,0.39,0.58,0.53,0.46,0.54,0.09,0.27,0.57, ,0.47,0.47,0.32,0.59,1.19,0.12,1.37,0.78,0.9,0.42,0.79, ,1.44,1.09,0.99
2012-02-04,0.84,0.77, ,0.33,0.43,0.64,0.59,0.46,0.64,0.13,0.44,0.75, ,0.54,0.57,0.43,0.63,1.18,0.29,1.72,1.02,0.93,0.81,0.63, ,1.04,2.39,1.63
2012-02-05,0.66,0.58, ,0.40,0.40,0.70,0.65,0.55,0.61,0.17,0.21,0.65, ,0.38,0.52,0.39,0.35,0.80,0.15,1.54,0.77,0.66,0.61,0.51, ,0.52,2.37,1.36
2012-02-06,0.75,0.61,0.45,0.47,0.38,0.71,0.64,0.59,0.58,0.15,0.27,0.56, ,0.52,0.66,0.50,0.42,0.82,0.23,1.58,0.97,0.94,0.56,0.79, ,0.56,1.17,1.39
2012-02-07,0.82,0.76,0.42,0.19,0.49,0.57,0.79,0.55,0.63,0.26,0.47,0.74, ,0.77,0.77,0.63,0.23,0.66,0.31,1.59,1.22,1.05,0.74,0.79, ,0.38,0.83,1.27
2012-02-08,0.48,0.50,0.22,0.16,0.66, ,1.14,0.42,0.8,0.11,0.50,0.67,0.44,1.90,0.47,0.28,0.15,0.44,0.18,0.89,1.0,1.25,0.37,0.79, ,0.11,0.82,0.52
2012-02-09,1.46, ,1.04,0.71,0.95, ,1.75,0.40,0.94,0.26,1.07,1.49,1.85,2.27,1.47,1.08,0.61,1.03,1.05,1.01,2.24,3.11,1.22,0.97,1.29,0.31,2.01,1.08
2012-02-10,1.81, ,0.71,0.38,0.89, ,2.21,0.47,0.87,0.16,1.23,1.04,1.22,2.45,1.57,0.94,0.46,0.90,1.53,1.03,2.72,3.73,0.88,1.08,0.58,0.53,0.96,1.37
2012-02-11,0.45, ,0.15,0.31,0.42, ,1.34,0.53,0.59,0.08,0.34,0.58,0.31,0.88,0.76,0.53,0.36,0.74,0.09,0.68,0.61,0.77,0.27,0.76,0.78,1.30,0.86,0.55
2012-02-12,0.52, ,0.27,0.26,0.46, ,0.82,0.57,0.67,0.09,0.38,0.54,0.41,0.62,0.68,0.48,0.33,0.83,0.10,0.66,0.73,0.79,0.41,0.75, ,0.66,0.74,0.96
2012-02-13,0.98, ,0.65,0.50,0.70, ,0.66,0.65,0.74,0.39,0.72,0.99,1.12,0.97,0.87,0.71,0.60,1.06,0.57,1.41,1.48,1.0,1.11,0.64,0.77,0.55,1.15,1.76
2012-02-14,1.04, ,0.58,0.48,1.16, ,0.77,0.66,1.36,0.96,1.43,1.99,3.49,0.91,0.81,0.55,2.05,2.33,0.69,2.72,1.87,2.12,1.41,0.92,0.62,1.24,1.61,2.71
2012-02-15,0.79, ,0.57,0.52,1.20, ,0.66,0.59,1.42,0.79,1.00,2.06,2.82,0.57,0.54,0.25,2.33,2.65,0.42,2.20,1.83,1.85,1.01,0.73,0.53,2.59,2.66,2.05
2012-02-16,0.42, ,0.15,0.41,1.37, ,0.36,0.58,0.76,0.47,0.39,1.15,0.86,0.59,0.32,0.21,1.42,1.85,0.14,0.87,0.48,0.69,0.34,0.43,0.08,2.26,0.80,1.08
2012-02-17,0.47, ,0.12, , ,,0.47,0.32,0.34,0.55,0.59,0.67,0.58,0.52,0.38,0.18,0.31,0.84,0.33,0.87,0.66,0.55,0.4,0.79, ,0.72,0.80,1.00
2012-02-18,0.72, ,0.47, , ,,0.59,0.35,0.45,0.77,0.91,1.2,1.94,1.13,0.53,0.29,1.24,1.65,0.42,2.60,1.36,1.09,0.74,1.42,1.38,1.71,1.55,1.32
2012-02-19,1.62, ,1.23, ,1.22, ,0.58,0.34,0.98,0.89,1.24,2.22,3.18,2.34,0.93,0.44,2.33,2.83,0.68,2.31,1.63,2.22,0.7,1.81,1.98,3.08,2.31,1.23
2012-02-20,1.27, ,0.85,0.88,1.33, ,0.53,0.31,1.02,0.39,1.16,2.16,2.90,1.49,0.96,0.61,2.19,2.30,0.85,0.84,1.21,1.79,0.51,3.25,1.19,4.20,2.52,0.91
2012-02-21,0.8, ,0.57,0.99,0.99, ,0.53,0.29,0.71,0.64,0.74,1.01,1.18,1.72,0.74,0.64,0.93,1.51,0.61,1.24,1.11,1.07,0.83,1.44,0.23,2.75,2.71,1.33
2012-02-22,1.04, ,0.72,0.64,1.73, ,0.55,0.33,0.92,0.51,1.52,1.82,2.50,2.59,0.8,0.66,1.99,2.40,0.59,2.07,1.16,1.37,0.85,2.15,0.23,0.90,1.54,1.86
2012-02-23,0.79, ,0.55,0.79,1.44,1.02,0.46,0.30,0.95,0.25,0.78,1.65,0.94,2.13,1.08,1.02,1.11,1.83,0.33,1.42,0.84,1.08,0.99,1.88,0.74,1.69,2.22,1.29
2012-02-24,0.88, ,0.61,0.39,1.30,0.84,0.52,0.34,1.14,0.47,1.10,1.97,2.69,1.37,0.74,0.59,3.47,3.65,0.97,2.60,1.82,1.07,1.24,1.78,0.97,3.38,2.12,2.41
2012-02-25,0.87,1.11,0.47,0.11,0.77,0.76,0.28,0.28,1.11,0.57,0.46,1.23,3.89,1.11,0.48,0.25,3.12,3.53,0.72,2.41,1.81,1.74,0.55,2.18,1.71,2.03,1.49,1.58
2012-02-26,1.06,1.77,1.12,0.11,1.14,0.77,0.38,0.35,0.91,1.08,0.57,1.55,2.81,1.12,0.63,0.25,1.55,1.66,0.39,2.02,1.95,1.47,0.65,2.98,0.99,1.24,1.17,1.29
2012-02-27,0.41,0.44,0.15,0.11,0.35,0.42,0.28,0.34,0.4,0.36,0.40,0.64,0.45,0.38,0.38,0.16,0.16,0.62,0.21,0.52,1.18,0.68,0.26,1.99,0.53,0.21,1.10,0.47
2012-02-28,0.18,0.60,0.19,0.14,0.47,0.36,0.33,0.33,0.74,0.44,0.68,0.82,0.51,0.56,0.44,0.24,0.23,0.70,0.28,0.71,2.69,0.97,0.63,1.91,0.63,0.36,0.98,0.59
2012-02-29,0.12,0.49,0.11,0.13,0.55,0.40,0.34,0.35,0.42,0.37,0.49,0.7,0.68,0.46,0.36,0.21,0.35,0.86,0.25,0.86,0.97,0.98,0.27,2.09,0.14,0.74,0.72,0.69
2012-03-01,0.26,0.62,0.21,0.12,0.54,0.53,0.56,0.36,0.99,0.14,0.56,0.82,0.40,1.12,0.56,0.18,0.29,0.69,0.41,0.86,1.45,1.15,0.29,2.57,0.22,0.71,1.83,0.54
2012-03-02,0.39,1.08,0.48,0.23,0.61,0.46,0.39,0.35,0.91,0.68,0.93,1.29,2.09,0.82,0.5,0.21,1.71,1.97,0.32,1.67,1.23,1.22,0.78,1.85,0.18,4.08,1.25,1.32
2012-03-03,0.14,0.51,0.15,0.10,0.29,1.10,0.35,0.35,0.7,0.19,0.57,0.57,0.83,0.54,0.43,0.17,1.26,1.65,0.25,1.34,0.85,0.78,0.31,1.27, ,1.74,0.55,0.92
2012-03-04,0.39,1.03,0.42,0.14,0.51,0.88,0.42,0.37,0.59,0.35,0.69,1.26,1.63,0.86,0.65,0.19,0.64,1.10,0.44,1.08,1.73,1.45,0.39,1.22,0.35,1.38,0.97,0.69
2012-03-05,0.08,0.44,0.13,0.35,0.57,1.19,0.34,0.38,0.56,0.16,0.82,1.07,1.40,0.97,0.31,0.13,0.70,0.98,0.18,0.84,0.63,0.85,0.42,1.28,0.43,1.03,1.51,0.58
2012-03-06,0.28,0.65,0.26,0.36,0.45,0.83,0.5,0.34,0.59,0.19,0.66,0.83,0.82,0.83,0.44,0.16,0.33,0.83,0.33,0.65,0.75,1.44,0.34,1.08, ,0.48,1.46,0.52
2012-03-07,0.42,0.52,0.15,0.14,0.49,0.41,0.33,0.38,0.34,0.11,0.54,0.55,0.38,0.72,0.38,0.14,0.36,0.77,0.19,0.44,0.66,0.8,0.21,1.05,0.27,0.66,0.93,0.45
2012-03-08,0.5,0.74,0.24,0.24,0.79,0.43,0.43,0.39,0.51,0.17,0.83,0.82,0.87,1.32,0.41,0.26,0.43,0.85,0.19,0.70,0.91,1.02,0.48,1.44,0.53,1.54,1.42,0.50
2012-03-09,0.86,1.17,0.79,0.59,0.78,0.45,0.65,0.38,0.88,0.64,0.91,1.39,1.45,1.30,0.74,0.44,0.49,0.91,0.60,0.89,1.11,0.95,1.49,1.52,0.81,0.94,1.67,0.80
2012-03-10,0.62,0.74,0.41,0.45,0.71,0.45,1.23,0.42,0.7,0.65,0.65,0.87,1.53,1.04,0.76,0.35,0.41,0.91,0.44,1.06,1.32,1.13,1.34,0.96,0.49,0.64,1.98,1.01
2012-03-11,1.12,1.60,1.51,0.60,0.55,0.44,1.1,0.33,0.55,0.65,0.71,0.99,1.43,1.04,0.85,0.61,0.43,1.06,0.62,0.91,1.06,1.11,1.78,0.98,0.59,0.73,1.53,0.77
2012-03-12,0.27,0.30,0.10,0.16,0.22,0.33,0.25,0.21,0.26,0.38,0.33,0.37,0.36,0.40,0.37,0.44,0.20,0.58,0.21,0.31,0.53,0.54,0.53,0.64,0.86,0.83,0.68,0.34
2012-03-13,0.51,0.52,0.17,0.29,0.51,0.32,0.48,0.18,0.4,0.54,0.64,0.69,0.76,0.77,0.64,0.48,0.40,0.67,0.58,0.50,0.96,0.85,0.7,1.05,1.22,0.78,0.93,0.38
2012-03-14,0.51,0.56,0.17,0.11,0.42,0.35,0.38,0.13,0.4,0.32,0.51,0.55,0.46,0.31,0.42,0.36,0.59,0.76,0.48,0.43,0.66,0.49,0.63,0.79,1.14,1.07,1.31,0.46
2012-03-15,0.27,0.38,0.17,0.10,0.23,0.29,0.22,0.08,0.28,0.38,0.46,0.57,0.36,0.41,0.37,0.29,0.50,0.53,0.78,0.28,0.58,0.44,0.63,0.74,1.10,1.04,0.49,0.27
2012-03-16,0.63,1.41,0.73,0.28,0.54,0.30,0.42,0.10,0.66,0.9,0.65,0.82,0.96,0.62,0.75,0.46,0.81,0.88,0.55,0.74,1.35,1.58,1.3,1.21,1.19,1.70,1.23,0.45
2012-03-17,0.77,1.37,0.64,0.69,0.69,0.27,0.37,0.11,0.45,0.81,0.87,0.93,1.51,0.71,0.87,0.51,1.15,1.07,0.70,0.67,1.17,1.76,0.91,1.25,1.42,2.62,1.38,0.47
2012-03-18,0.49,1.06,0.72,0.73,0.74,0.29,0.29,0.10,0.39,0.77,0.60,1.14,1.40,0.40,0.7,0.37,1.32,1.39,0.34,0.50,1.24,1.15,0.53,0.70,1.27,2.66,1.38,0.36
2012-03-19,0.55,0.91,0.20,0.46,0.32,0.24,0.27,0.08,0.38,0.58,0.60,0.72,0.69,0.47,0.65,0.48,1.33,0.97,0.48,0.39,0.79,1.11,0.51,0.77,1.16,2.17,1.39,0.46
2012-03-20,0.51,0.66,0.16,0.36,0.37,0.28,0.33,0.13,0.34,0.57,0.61,0.61,1.05,0.62,0.47,0.40,0.71,0.62,0.51,0.43,0.67,0.98,0.61,0.92,0.79,1.17,0.88,0.66
2012-03-21,0.68,0.96,0.29,0.30,0.42,0.32,0.58,0.15,0.37,0.58,0.58,0.63,1.00,0.63,0.66,0.26,0.66,0.61,0.35,0.53,0.98,1.05,0.66,0.86,0.82,0.72,0.83,0.67
2012-03-22,0.73,1.28,0.83,0.36,0.45,0.28,0.53,0.17,0.35,0.85,0.55,0.65,0.93,0.56,0.71,0.19,0.67,0.65,0.42,0.45,0.95,1.36,0.77,0.84,0.72,0.62,1.09,0.61
2012-03-23,0.78,1.29,1.11,0.53,0.49,0.26,0.75,0.15,0.36,0.69,0.67,0.65,1.10,0.68,0.76,0.20,0.74,0.70,0.41,0.50,0.87,1.3,0.77,1.03,0.83,1.06,1.12,0.73
2012-03-24,0.84,1.11,0.58,0.66,0.42,0.30,0.57,0.21,0.43,0.71,0.61,0.54,1.12,0.64,0.81,0.20,0.73,0.77,0.76,0.48,0.87,1.23,0.65,0.94,0.79,1.43,1.12,0.75
2012-03-25,0.74,1.06,0.73,0.49,0.33,0.33,0.29,0.18,0.46,0.65,0.53,0.54,0.93,0.45,0.67,0.14,0.75,0.77,0.68,0.42,0.67,0.85,0.57,0.59,0.71,0.80,1.00,1.03
2012-03-26,0.19,0.30,0.14,0.16,0.30,0.29,0.13,0.09,0.48,0.27,0.37,0.4,0.57,0.33,0.29,0.13,0.49,0.49,0.41,0.41,0.46,0.42,0.35,0.63,0.65,0.79,0.60,0.74
2012-03-27,0.08,0.36,0.08,0.15,0.35,0.29,0.21,0.11,0.36,0.26,0.37,0.47,0.37,0.48,0.37,0.14,0.37,0.31,0.54,0.51,0.59,0.56,0.4,0.66,0.75,0.54,0.59,0.59
2012-03-28,0.13,0.44,0.09,0.11,0.34,0.29,0.2,0.29,0.32,0.37,0.35,0.39,0.49,0.42,0.4,0.17,0.40,0.40,0.59,0.71,0.55,0.4,0.43,0.51,0.78,0.65,0.56,0.67
2012-03-29,0.23,0.56,0.24,0.17,0.48,0.29,0.14,0.28,0.39,0.44,0.43,0.68,0.77,0.35,0.38,0.14,0.72,0.67,0.71,0.64,0.79,0.46,0.43,0.55,0.84,1.20,0.90,0.72
2012-03-30,0.3,0.26,0.08,0.10,0.34,0.30,0.09,0.26,0.2,0.09,0.37,0.47,0.53,0.36,0.31,0.12,0.44,0.47,0.40,0.42,0.52,0.32,0.34,0.68,0.75,0.81,0.56,0.44
2012-03-31,0.51,0.47,0.08,0.17,0.45, ,0.08,0.23,0.41,0.21,0.38,0.65,0.53,0.28,0.37,0.15,0.44,0.54,0.71,0.42,0.66,0.51,0.46,0.45,0.76,1.25,0.53,0.52
2012-04-01,0.56,0.27,0.08,0.17,0.23, ,0.12,0.24,0.19,0.16,0.26,0.33,0.42,0.13,0.28,0.10,0.30,0.36,0.32,0.42,0.4,0.31,0.44,0.14,0.55,0.68,0.46,0.50
2012-04-02,0.81,0.62,0.08,0.31,0.57, ,0.21,0.24,0.38,0.51,0.42,0.45,0.83,0.35,0.43,0.14,0.66,0.52,0.45,0.65,0.71,0.65,0.53,0.54,0.93,1.13,1.03,0.60
2012-04-03,1.06,0.60,0.08,0.49,0.65,0.87,0.18,0.24,0.42,0.38,0.58,0.63,1.26,0.52,0.42,0.12,0.99,0.88,0.46,1.20,0.66,0.95,0.39,0.93,1.30,1.61,1.19,0.67
2012-04-04,0.48,0.68,0.10,0.49,0.85,1.04,0.14,0.26,0.33,0.38,0.52,0.57,1.04,0.34,0.42,0.11,0.88,0.80,0.52,1.12,0.59,0.64,0.35,0.62,1.33,1.08,1.12,0.58
2012-04-05,0.51,0.89,0.13,0.23,0.57,1.21,0.1,0.27,0.27,0.36,0.47,0.43,0.50,0.38,0.33,0.16,0.52,0.53,0.26,0.62,0.55,0.49,0.39,0.57,0.64,0.83,0.63,0.39
2012-04-06,0.4,0.77,0.10,0.18,0.44,1.22,0.15,0.25,0.27,0.33,0.42,0.33,0.47,0.43,0.42,0.22,0.66,0.60,0.57,0.66,0.68,0.48,0.38,0.60,0.75,0.84,0.43,0.43
2012-04-07,0.32,0.59,0.08,0.14,0.42,0.88,0.18,0.23,0.26,0.26,0.37,0.44,0.48,0.26,0.4,0.19,0.54,0.63,0.48,0.59,0.57,0.5,0.41,0.71,0.60,0.73,0.35,0.45
2012-04-08,0.27,0.29,0.08,0.10,0.16,0.93,0.1,0.28,0.21,0.14,0.27,0.29,0.31,0.10,0.26,0.09,0.23,0.35,0.24,0.47,0.37,0.25,0.38,0.19,0.45,0.51,0.32,0.38
2012-04-09,0.3,0.24,0.08,0.09,0.23,0.91,0.24,0.33,0.19,0.12,0.22,0.32,0.29,0.16,0.33,0.10,0.25,0.28,0.32,0.49,0.42,0.38,0.38,0.37,0.69,0.44,0.36,0.41
2012-04-10,0.55,0.72,0.17,0.15,0.40,0.86,0.47,0.28,0.32,0.47,0.33,0.43,0.63,0.48,0.39,0.12,0.35,0.38,0.54,0.67,0.8,0.87,0.7,0.61,1.04,0.58,0.46,0.48
2012-04-11,0.33,0.49,0.10,0.25,0.47,0.82,0.16,0.26,0.36,0.25,0.40,0.44,0.84,0.49,0.39,0.17,0.43,0.44,0.34, ,0.6,0.82,0.75,0.69,1.22,1.29,0.62,0.43
2012-04-12,0.26,0.35,0.08,0.47,0.45,0.83,0.12,0.25,0.25,0.28,0.42,0.38,0.46,0.43,0.34,0.11,0.40,0.51,0.41, ,0.5,0.51,0.34,0.76,0.77,0.79,0.73,0.40
2012-04-13,0.4,0.49,0.09,0.39,0.37,0.81,0.13,0.24,0.28,0.28,0.33,0.52,0.50,0.40,0.29,0.13,0.43,0.52,0.42, ,0.6,0.75,0.65,0.58,0.63,0.84,0.69,0.44
2012-04-14,0.38,0.54,0.08,0.13,0.35,0.81,0.12,0.28,0.26,0.25,0.39,0.49,0.50,0.35,0.27,0.09,0.57,0.55,0.52, ,0.54,0.37,0.62,0.77,0.73,0.81,0.57,0.39
2012-04-15,0.33,0.57,0.08,0.19,0.48,0.81,0.12,0.26,0.28,0.26,0.44,0.44,0.59,0.35,0.33,0.11,0.29,0.41,0.62, ,0.6,0.4,0.54,0.48,0.71,0.69,0.73,0.79
2012-04-16,0.38,0.51,0.08,0.14,0.48,0.81,0.11,0.23,0.33,0.3,0.34,0.45,0.56,0.33,0.32,0.11,0.27,0.35,0.40, ,0.63,0.61,0.47,0.49,0.89,0.81,0.43,0.87
2012-04-17,0.4,0.49,0.08,0.14,0.35,0.82,0.12,0.25,0.21,0.2,0.40,0.4,0.39,0.24,0.37,0.19,0.40,0.40,0.32, ,0.57,0.3,0.49,0.48,0.65,0.66,0.53,0.81
2012-04-18,0.42,0.72,0.20,0.10,0.39,0.92,0.16,0.33,0.28,0.2,0.51,0.51,0.56,0.31,0.44,0.22,0.49,0.46,0.47, ,0.68,0.45,0.56,0.49,0.83,0.60,0.56, 
2012-04-19,0.5,1.26,0.30,0.12,0.61,0.84,0.14,0.29,0.28,0.38,0.55,0.63,0.64,0.39,0.51,0.21,0.47,0.55,0.62,1.42,0.82,0.96,0.56,0.70,1.11,1.01,0.33,0.31
2012-04-20,0.5,1.38,0.24,0.33,0.57,0.81,0.13,0.23,0.32,0.31,0.61,0.4,0.32,0.39,0.54,0.13,0.52,0.51,0.45,2.17,0.73,0.89,0.42,0.79,1.09,1.17,0.45,0.25
2012-04-21,0.37,1.06,0.20,0.33,0.48,0.81,0.09,0.23,0.25,0.27,0.35,0.32,0.51,0.23,0.35,0.10,0.59,0.60,0.45,1.00,0.72,0.48,0.37,0.48,0.74,1.07,0.60,0.37
2012-04-22,0.28,0.80,0.08,0.35,0.37,0.75,0.1,0.23,0.21,0.29,0.24,0.31,0.49,0.13,0.32,0.10,0.39,0.46,0.48,0.67,0.61,0.4,0.29,0.20,0.63,0.59,0.43,0.33
2012-04-23,0.36,0.90,0.08,0.35,0.31,0.72,0.11,0.23,0.2,0.2,0.31,0.34,0.33,0.15,0.35,0.20,0.45,0.54,0.49,0.55,0.54,0.39,0.33,0.29,0.40,0.85,0.31,0.24
2012-04-24,0.25,0.81,0.08,0.42,0.24,0.71,0.09,0.23,0.14,0.23,0.32,0.31,0.27,0.13,0.33,0.09,0.28,0.43,0.49,0.61,0.49,0.26,0.27,0.28,0.31,0.46,0.34,0.16
2012-04-25,0.31,0.64,0.08,0.42,0.29,0.71,0.08,0.23,0.14,0.25,0.45,0.72,0.31,0.16,0.32,0.11,0.37,0.42,0.52,0.77,0.99,0.4,0.31,0.53,0.63,0.45,0.35,0.15
2012-04-26,0.37,0.73,0.08,0.38,0.38,0.72,0.09,0.24,0.22,0.37,0.35,0.15,0.44,0.23,0.47,0.10,0.34,0.39,0.53,1.08,1.47,0.74,0.49,0.62,0.60,0.49,0.33,0.22
2012-04-27,0.43,0.71,0.14,0.45,0.35,0.95,0.09,0.26,0.2,0.35,0.33,0.35,0.42,0.29,0.39,0.14,0.34,0.36,0.46,0.77,1.49,0.52,0.69,0.59,0.50,0.52,0.38,0.16
2012-04-28,0.41,0.42,0.08,0.53,0.29,0.82,0.09,0.27,0.16,0.24,0.26,0.32,0.34,0.20,0.24,0.10,0.35,0.34,0.33,0.72,0.54,0.31,0.37,0.34,0.43,0.39,0.30,0.14
2012-04-29,0.46,0.67,0.08,0.50,0.29,0.81,0.09,0.30,0.13,0.18,0.24,0.3,0.35,0.15,0.27,0.10,0.34,0.35,0.31,0.66,0.33,0.3,0.37,0.24,0.38,0.51,0.26,0.14
2012-04-30,0.35,0.39,0.08,0.48,0.31,0.80,0.1,0.31,0.16,0.21,0.27,0.27,0.33,0.24,0.32,0.15,0.33,0.37,0.45,0.74,0.43,0.4,0.46,0.51,0.37,0.61,0.38,0.12
2012-05-01,0.44,0.34,0.08,0.45,0.33,0.78,0.12,0.31,0.17,0.28,0.21,0.34,0.40,0.17,0.3,0.12,0.27,0.32,0.39,0.79,0.4,0.39,0.64,0.38,0.39,0.45,0.24,0.10
2012-05-02,0.48,0.44,0.09,0.43,0.25,0.71,0.14,0.33,0.17,0.23,0.23,0.32,0.39,0.16,0.32,0.12,0.22,0.31,0.44,0.85,0.44,0.35,0.68,0.23,0.36,0.45,0.22,0.10
2012-05-03,0.41,0.44,0.11,0.40,0.26,0.74,0.12,0.34,0.14,0.27,0.27,0.3,0.38,0.12,0.3,0.09,0.31,0.40,0.42,0.74,0.41,0.2,0.37,0.40,0.37,0.51,0.27, 
2012-05-04,0.39,0.30,0.08,0.43,0.22,0.70,0.08,0.31,0.11,0.18,0.29,0.27,0.31,0.14,0.28,0.09,0.33,0.38,0.53,0.68,0.4,0.14,0.28,0.39,0.34,0.42,0.25, 
2012-05-05,0.45,0.54,0.08,0.45,0.21,0.70,0.16,0.30,0.11,0.33,0.30,0.26,0.31,0.13,0.38,0.10,0.20,0.34,0.61,0.62,0.59,0.2,0.33,0.28,0.33,0.37,0.21, 
2012-05-06,0.41,0.59,0.17,0.36,0.20,0.70,0.25,0.32,0.11,0.29,0.26,0.25,0.30,0.10,0.29,0.08,0.19,0.30,0.43,0.55,0.47,0.26,0.29,0.19,0.31,0.34,0.19, 
2012-05-07,0.34,0.46,0.08,0.40,0.21,0.70,0.45,0.25,0.12,0.18,0.32,0.27,0.33,0.12,0.24,0.09,0.43,0.38,0.41,0.50,0.42,0.25,0.25,0.26,0.48,0.43,0.22, 
2012-05-08,0.3,0.31,0.08,0.32,0.15,0.70,0.34,0.26,0.09,0.1,0.48,0.17,0.27,0.09,0.31,0.08,0.41,0.32,0.40,0.46,0.3,0.1,0.24,0.21,0.33,0.29,0.11,0.10
2012-05-09,0.35,0.38,0.18,0.34,0.19,0.70,0.26,0.31,0.12,0.21,0.42,0.2,0.30,0.10,0.38,0.09,0.43,0.31,0.34,0.42,0.33,0.26,0.4,0.34,0.29,0.30,0.17,0.10
2012-05-10,0.42,0.47,0.49,0.38,0.18,0.70,0.3,0.28,0.09,0.19,0.45,0.24,0.28,0.11,0.5,0.09,0.47,0.34,0.52,0.42,0.35,0.26,0.31,0.60,0.29,0.33,0.26,0.10
2012-05-11,0.46,0.56,0.64,0.40,0.19,0.70,0.22,0.31,0.1,0.28,0.49,0.27,0.30,0.10,0.5,0.09,0.44,0.36,0.53,0.41,0.45,0.23,0.31,0.69,0.30,0.38,0.24,0.17
2012-05-12,0.55,0.69,0.77,0.43,0.22,0.70,0.25,0.33,0.09,0.31,0.48,0.27,0.33,0.09,0.55,0.11,0.46,0.41,0.51,0.42,0.48,0.22,0.37,0.63,0.27,0.35,0.22,0.09
2012-05-13,0.37,0.32,0.47,0.26,0.11,0.71,0.15,0.35,0.08,0.15,0.39,0.18,0.24,0.08,0.33,0.09,0.34,0.29,0.37,0.32,0.28,0.11,0.25,0.35,0.28,0.30,0.14,0.08
2012-05-14,0.33,0.52,0.35,0.25,0.13,0.70,0.14,0.32,0.09,0.09,0.50,0.23,0.23,0.11,0.4,0.10,0.51,0.34,0.52,0.41,0.43,0.27,0.3,0.53,0.49,0.43,0.22,0.13
2012-05-15,0.41,0.42,0.31,0.34,0.32,0.78,0.14,0.35,0.16,0.1,0.77,0.47,0.35,0.18,0.45,0.17,0.67,0.45,0.46,0.46,0.39,0.23,0.37,0.71,0.56,0.55,0.33,0.23
2012-05-16,0.37,0.52,0.35,0.36,0.21,0.74,0.13,0.34,0.15,0.13,0.66,0.29,0.38,0.18,0.38,0.17,0.85,0.54,0.52,0.44,0.43,0.19,0.33,0.65,0.52,0.55,0.35,0.10
2012-05-17,0.33,0.35,0.26,0.29,0.17,0.71,0.12,0.35,0.16,0.15,0.52,0.33,0.34,0.20,0.32,0.08,0.58,0.42,0.50,0.38,0.33,0.21,0.27,0.65,0.56,0.39,0.27,0.09
2012-05-18,0.27,0.38,0.24,0.27,0.19,0.70,0.12,0.34,0.26,0.12,0.53,0.27,0.31,0.13,0.32,0.08,0.42,0.31,0.43,0.36,0.34,0.27,0.29,0.55,0.37,0.31,0.25,0.09
2012-05-19,0.39,0.67,0.40,0.37,0.16,0.70,0.13,0.31,0.17,0.27,0.52,0.24,0.40,0.13,0.39,0.09,0.44,0.40,0.57,0.42,0.4,0.36,0.4,0.67,0.36,0.49,0.28,0.11
2012-05-20,0.41,0.83,0.60,0.32,0.17,0.70,0.13,0.32,0.12,0.28,0.43,0.28,0.33,0.11,0.42,0.08,0.41,0.35,0.52,0.30,0.57,0.31,0.35,0.55,0.29,0.41,0.14,0.08
2012-05-21,0.32,0.58,0.39,0.35,0.25,0.70,0.25,0.33,0.13,0.09,0.49,0.25,0.31,0.18,0.26,0.09,0.60,0.46,0.18,0.29,0.48,0.34,0.38,0.67,0.41,0.44,0.26,0.08
2012-05-22,0.29,0.44,0.26,0.23,0.18,0.70,0.27,0.31,0.1,0.1,0.43,0.16,0.21,0.16,0.28,0.09,0.63,0.31,0.19,0.29,0.47,0.19,0.31,0.66,0.25,0.28,0.23,0.08
2012-05-23,0.3,0.51,0.35,0.25,0.18,0.70,0.26,0.30,0.1,0.14,0.55,0.19,0.25,0.12,0.35,0.12,0.78,0.46,0.47,0.29,0.52,0.17,0.27,0.65,0.44,0.53,0.31,0.47
2012-05-24,0.34,0.48,0.36,0.44,0.23,0.70,0.26,0.35,0.12,0.19,0.73,0.43,0.33,0.19,0.27,0.14,0.80,0.59,0.51,0.30,0.45,0.16,0.34,0.67,0.45,0.48,0.33,0.47
2012-05-25,0.38,0.51,0.42,0.46,0.13,0.70,0.23,0.35,0.09,0.14,0.70,0.29,0.32,0.17,0.35,0.12,0.64,0.47,0.52,0.30,0.51,0.14,0.27,0.68,0.56,0.50,0.64,0.41
2012-05-26,0.25,0.43,0.40,0.24,0.11,0.69,0.24,0.35,0.1,0.11,0.52,0.24,0.26,0.13,0.25,0.09,0.50,0.38,0.56,0.23,0.32,0.13,0.22,0.85,0.36,0.31,1.06,0.44
2012-05-27,0.24,0.47,0.44,0.23,0.09,0.69,0.25,0.35,0.09,0.5,0.38,0.22,0.23,0.09,0.19,0.08,0.52,0.38,0.50,0.15,0.25,0.12,0.25,0.44,0.24,0.25,0.88,0.38
2012-05-28,0.33,0.50,0.41,0.37,0.11,0.66,0.29,0.35,0.13,0.93,0.46,0.2,0.22,0.09,0.27,0.08,0.54,0.39,0.53,0.15,0.37,0.14,0.24,0.62,0.28,0.31,0.67,0.38
2012-05-29,0.35,0.43,0.26,0.29,0.16,0.64,0.24,0.47,0.09,0.32,0.47,0.22,0.27,0.14,0.24,0.08,0.53,0.31,0.48,0.40,0.41,0.18,0.21,0.53,0.38, ,0.36,0.39
2012-05-30,0.37,0.35,0.24,0.33,0.12,0.69,0.25,0.68,0.14,0.59,0.49,0.21,0.28,0.09,0.27,0.09,0.46,0.36,0.43,0.41,0.45,0.18,0.25,0.55,0.33, ,0.35,0.38
2012-05-31,0.25,0.49,0.42,0.33,0.13,0.67,0.2,0.59,0.12,0.58,0.50,0.21,0.30,0.09,0.23,0.09,0.60,0.46,0.45,0.42,0.39,0.13,0.23,0.57,0.29, ,0.35,0.36
2012-06-01,0.1,0.52,0.47,0.31,0.16,0.65,0.22,0.58,0.11,0.41,0.50,0.19,0.28,0.10,0.26,0.08,0.60,0.47,0.48,0.37,0.4,0.14,0.27,0.57,0.39, ,0.37,0.36
2012-06-02,0.06,0.47,0.35,0.30,0.12,0.67,0.13,0.58,0.09,0.49,0.49,0.17,0.25,0.12,0.27,0.10,0.53,0.40,0.38,0.37,0.38,0.17,0.28,0.47,0.42, ,0.34,0.51
2012-06-03,0.18,0.76,0.51,0.41,0.14,0.64,0.18,0.58,0.1,0.56,0.51,0.23,0.29,0.11,0.53,0.14,0.46,0.35,0.35,0.35,0.41,0.24,0.34,0.43,0.49, ,0.31,0.40
2012-06-04,0.08,0.55,0.31,0.44,0.16,0.58,0.21,0.56,0.09,0.38,0.47,0.15,0.23,0.11,0.31,0.09,0.48,0.34,0.24,0.30,0.38,0.23,0.25,0.45,0.52, ,0.35,0.31
2012-06-05,0.08,0.23,0.38,0.33,0.09,0.59,0.13,0.56,0.09,0.58,0.44,0.13,0.12,0.09,0.32,0.16,0.41,0.28,0.29,0.28,0.21,0.09,0.24,0.53,0.53,0.39,0.32,0.26
2012-06-06,0.06,0.22,0.29,0.17,0.08,0.37,0.08,0.57,0.08,0.4,0.37,0.09,0.10,0.09,0.23,0.21,0.38,0.25,0.26,0.28,0.18,0.11,0.17,0.35,0.39,0.26,0.24,0.25
2012-06-07,0.13,0.46,0.42,0.29,0.14,0.09,0.14,0.54,0.08,0.51,0.39,0.13,0.21,0.09,0.32,0.25,0.41,0.30,0.31,0.28,0.3,0.19,0.22,0.47,0.40,0.32,0.30,0.26
2012-06-08,0.26,0.58,0.41,0.41,0.15,0.10,0.16,0.55,0.08,0.46,0.45,0.18,0.28,0.12,0.32,0.29,0.45,0.33,0.28,0.30,0.4,0.2,0.21,0.57,0.45,0.46,0.33,0.35
2012-06-09,0.36,0.60,0.47,0.36,0.16,0.12,0.2,0.53,0.08,0.39,0.49,0.28,0.33,0.09,0.37,0.36,0.44,0.32,0.24,0.36,0.44,0.22,0.36,0.65,0.41,0.57,0.36,0.36
2012-06-10,0.38,0.26,0.36,0.25,0.14,0.22,0.13,0.51,0.08,0.35,0.52,0.26,0.30,0.10,0.28,0.30,0.42,0.34,0.29,0.37,0.37,0.14,0.44,0.44,0.40,0.46,0.37,0.39
2012-06-11,0.39,0.19,0.30,0.17,0.13,0.09,0.1,0.50,0.08,0.3,0.47,0.22,0.22,0.10,0.3,0.27,0.37,0.24,0.31,0.27,0.33,0.12,0.33,0.65,0.42,0.31,0.32,0.34
2012-06-12,0.34,0.20,0.29,0.21,0.13,0.11,0.1,0.51,0.08,0.31,0.46,0.17,0.17,0.10,0.23,0.25,0.32,0.23,0.27,0.25,0.33,0.14,0.33,0.45,0.37,0.32,0.30,0.30
2012-06-13,0.3,0.12,0.22,0.15,0.09,0.08,0.08,0.52,0.08,0.17,0.38,0.09,0.09,0.08,0.08,0.23,0.35,0.26,0.24,0.21,0.17,0.08,0.14,0.46,0.30,0.35,0.24,0.25
2012-06-14,0.27,0.10,0.21,0.13,0.08,0.08,0.09,0.50,0.08,0.13,0.35,0.13,0.10,0.08,0.09,0.25,0.30,0.23,0.18,0.26,0.26,0.09,0.17,0.42,0.30,0.29,0.23,0.29
2012-06-15,0.32,0.26,0.36,0.17,0.09,0.08,0.12,0.48,0.08,0.17,0.42,0.1,0.15,0.08,0.13,0.09,0.38,0.24,0.16,0.24,0.31,0.15,0.23,0.47,0.34,0.26,0.22,0.28
2012-06-16,0.36,0.35,0.41,0.20,0.09,0.08,0.1,0.47,0.08,0.19,0.38,0.12,0.19,0.09,0.18,0.12,0.30,0.21,0.13,0.23,0.3,0.19,0.36,0.36,0.35,0.26,0.25,0.29
2012-06-17,0.3,0.24,0.28,0.22,0.09,0.08,0.1,0.50,0.08,0.16,0.40,0.14,0.19,0.08,0.11,0.15,0.34,0.19,0.10,0.23,0.31,0.33,0.27,0.32,0.33,0.29,0.26,0.26
2012-06-18,0.28,0.22,0.26,0.23,0.11,0.08,0.1,0.49,0.08,0.15,0.39,0.11,0.16,0.09,0.08,0.13,0.41,0.16,0.14,0.22,0.27,0.35,0.25,0.42,0.36,0.27,0.35,0.26
2012-06-19,0.27,0.17,0.24,0.24,0.13,0.09,0.09,0.49,0.08,0.15,0.37,0.13,0.28,0.09,0.08,0.12,0.40,0.21,0.11,0.21,0.26,0.36,0.24,0.46,0.35,0.29,0.35,0.26
2012-06-20,0.26,0.22,0.27,0.27,0.12,0.08,0.09,0.50,0.08,0.17,0.40,0.14,0.15,0.08,0.08,0.13,0.43,0.21,0.13,0.20,0.3,0.43,0.62,0.45,0.36,0.30,0.33,0.27
2012-06-21,0.28,0.20,0.24,0.25,0.12,0.08,0.08,0.51,0.08,0.17,0.41,0.16,0.18,0.08,0.08,0.12,0.43,0.21, ,0.19,0.28,0.44,0.21,0.49,0.39,0.33,0.29,0.25
2012-06-22,0.35,0.19,0.31,0.19,0.14,0.14,0.11,0.54,0.08,0.14,0.49,0.23,0.24,0.10,0.1,0.16,0.41,0.08, ,0.26,0.31,0.36,0.4,0.55,0.51,0.37,0.27,
2012-06-23,0.32,0.09,0.25,0.11,0.09,0.23,0.09,0.58,0.08,0.09,0.45,0.15,0.23,0.08,0.09,0.13,0.36,0.08, ,0.26,0.21,0.26,0.24,0.45,0.38,0.30,0.24,
2012-06-24,0.25,0.09,0.17,0.10,0.09,0.21,0.09,0.51,0.08,0.08,0.38,0.13,0.16,0.08,0.08,0.11,0.30,0.08, ,0.20,0.19,0.26,0.15,0.38,0.32,0.25,0.23,
2012-06-25,0.29,0.19,0.25,0.13,0.10,0.22,0.09,0.54,0.08,0.11,0.41,0.17,0.23,0.08,0.09,0.11,0.33,0.08, ,0.21,0.24,0.32,0.29,0.42,0.35,0.25,0.29,
2012-06-26,0.24,0.11,0.19,0.09,0.09,0.12,0.08,0.49,0.08,0.1,0.37,0.09,0.12,0.08,0.08,0.08,0.32,0.08, ,0.15,0.13,0.17,0.09,0.39,0.33,0.30,0.16,
2012-06-27,0.31,0.19,0.26,0.10,0.08,0.08,0.09,0.46,0.08,0.18,0.34,0.09,0.10,0.08,0.08,0.08,0.34,0.08, ,0.15,0.22,0.18,0.11,0.43,0.31,0.17,0.12,
2012-06-28,0.34,0.31,0.31,0.17,0.09,0.08,0.14,0.46,0.08,0.17,0.32,0.09,0.14,0.08,0.11,0.08,0.32,0.08, ,0.17,0.28,0.31,0.24,0.54,0.31,0.21,0.15,
2012-06-29,0.36,0.27,0.28,0.21,0.10,0.09,0.09,0.46,0.08,0.2,0.35,0.12,0.16,0.08,0.09,0.10,0.36,0.08, ,0.16,0.24,0.34,0.28,0.47,0.34,0.23,0.19,
2012-06-30,0.35,0.25,0.25,0.27,0.10,0.08,0.09,0.47,0.08,0.16,0.38,0.13,0.19,0.08,0.08,0.10,0.42,0.08, ,0.17,0.25,0.33,0.69,0.51,0.35,0.28,0.26,
2012-07-01,0.34,0.20,0.25,0.22,0.09,0.08,0.09,0.48,0.08,0.1,0.35,0.14,0.18,0.08,0.09,0.18,0.41,0.08, ,0.15,0.28,0.31,0.79,0.43,0.35,0.25,0.21,
2012-07-02,0.3,0.15,0.25,0.21,0.12,0.08,0.08,0.49,0.08,0.09,0.37,0.12,0.13,0.08,0.08,0.11,0.49,0.08, ,0.14,0.3,0.31,0.24,0.46,0.35,0.30,0.28,
2012-07-03,0.25,0.11,0.18,0.19,0.11,0.08,0.08,0.49,0.08,0.09,0.29,0.09,0.11,0.09,0.08,0.08,0.47,0.08, ,0.12,0.25,0.25,0.23,0.48,0.34,0.27,0.20,
2012-07-04,0.38,0.21,0.26,0.24,0.10,0.09,0.1,0.53,0.08,0.16,0.36,0.12,0.17,0.09,0.09,0.12,0.38, , ,0.13,0.24,0.38,0.45,0.54,0.43,0.35,0.20,
2012-07-05,0.53,0.54,0.56,0.32,0.14,0.14,0.15,0.53,0.1,0.26,0.44,0.23,0.26,0.09,0.18,0.13,0.44, , ,0.18,0.35,0.43,0.84,0.64,0.48,0.33,0.24,
2012-07-06,0.41,0.31,0.40,0.19,0.09,0.08,0.09,0.49,0.11,0.19,0.44,0.14,0.22,0.08,0.16,0.15,0.48, , ,0.18,0.31,0.39,0.37,0.62,0.39,0.34,0.28,
2012-07-07,0.39,0.19,0.34,0.14,0.10,0.08,0.16,0.49,0.09,0.13,0.38,0.11,0.12,0.08,0.13,0.09,0.28, , ,0.15,0.26,0.28,0.3,0.58,0.32,0.29,0.23,
2012-07-08,0.5,0.31,0.49,0.34,0.10,0.08,0.25,0.51,0.11,0.28,0.34,0.16,0.19,0.08,0.17,0.17,0.30, , ,0.27,0.35,0.28,0.31,0.46,0.35,0.27,0.19,
2012-07-09,0.37,0.19,0.29,0.35,0.12,0.12,0.23,0.52,0.11,0.26,0.37,0.18,0.25,0.08,0.12,0.12,0.41, , ,0.55,0.39,0.32,0.24,0.62,0.36,0.33,0.30,
2012-07-10,0.36,0.11,0.23,0.33,0.09,0.08,0.24,0.54,0.12,0.17,0.26,0.18,0.20,0.09,0.1,0.16,0.40, , ,0.50,0.28,0.29,0.24,0.67,0.34,0.29,0.33,0.21
2012-07-11,0.45,0.18,0.38,0.44,0.10,0.08,0.27,0.48,0.12,0.16,0.30,0.13,0.15,0.10,0.16,0.15,0.36, , ,0.17,0.34,0.42,0.28,0.57,0.32,0.25,0.36,0.12
2012-07-12,0.34,0.11,0.18,0.49,0.09,0.08,0.12,0.48,0.09,0.11,0.29,0.15,0.17,0.10,0.09,0.11,0.37, , ,0.20,0.29,0.27,0.18,0.62,0.35,0.33,0.32,0.14
2012-07-13,0.31,0.14,0.13,0.28,0.09,0.08,0.13,0.48,0.1,0.11,0.23,0.09,0.11,0.10,0.1,0.09,0.34, , ,0.12,0.17,0.26,0.11,0.57,0.26,0.26,0.30,0.09
2012-07-14,0.4,0.20,0.26,0.38,0.10,0.08,0.14,0.49,0.12,0.15,0.24,0.14,0.19,0.08,0.13,0.14,0.37, , ,0.18,0.21,0.27,0.17,0.56,0.30,0.31,0.32,0.12
2012-07-15,0.31,0.09,0.15,0.39,0.10,0.09,0.12,0.50,0.14,0.11,0.29,0.19,0.18,0.08,0.09,0.11,0.32, , ,0.20,0.14,0.18,0.1,0.50,0.33,0.33,0.29,0.14
2012-07-16,0.35,0.08,0.13,0.21,0.08,0.09,0.09,0.50,0.1,0.08,0.26,0.14,0.08,0.08,0.08,0.08,0.20, , ,0.11,0.11,0.12,0.08,0.48,0.35,0.16,0.23,0.10
2012-07-17,0.3,0.08,0.10,0.20,0.08,0.08,0.09,0.43,0.11,0.11,0.19,0.09,0.08,0.08,0.08,0.08,0.18, , ,0.12,0.13,0.13,0.08,0.41,0.26,0.09,0.17,0.08
2012-07-18,0.36,0.14,0.20,0.23,0.08,0.08,0.1,0.41,0.1,0.16,0.22,0.1,0.11,0.08,0.1,0.08,0.24, , ,0.14,0.18,0.18,0.09,0.50,0.28,0.12,0.15,0.08
2012-07-19,0.33,0.25,0.24,0.35,0.09,0.08,0.15,0.12,0.1,0.32,0.18,0.16,0.17,0.09,0.12,0.08,0.26,0.11, ,0.16,0.25,0.28,0.1,0.54,0.33,0.16,0.21,0.08
2012-07-20,0.35,0.13,0.21,0.45,0.10,0.08,0.1,0.08,0.13,0.31,0.26,0.18,0.28,0.10,0.08,0.10,0.38,0.28, ,0.20,0.28,0.28,0.14,0.69,0.38,0.30,0.34,0.09
2012-07-21,0.46,0.19,0.30,0.46,0.11,0.09,0.1,0.09,0.14,0.35,0.32,0.23,0.32,0.09,0.09,0.10,0.41,0.19, ,0.24,0.16,0.25,0.17,0.70,0.40,0.34,0.35,0.12
2012-07-22,0.3,0.08,0.09,0.22,0.08,0.10,0.08,0.08,0.08,0.1,0.16,0.12,0.10,0.08,0.08,0.09,0.10,0.23, ,0.10,0.08,0.1,0.08,0.38,0.26,0.17,0.24,0.08
2012-07-23,0.29,0.08,0.09,0.16,0.08,0.08,0.09,0.08,0.08,0.1,0.21,0.12,0.13,0.08,0.08,0.10,0.17,0.23, ,0.13,0.15,0.18,0.09,0.47,0.29,0.15,0.32,0.08
2012-07-24,0.34,0.09,0.15,0.12,0.08,0.08,0.1,0.08,0.08,0.25,0.24,0.18,0.23,0.09,0.08,0.10,0.16,0.14,0.33,0.12,0.25,0.28,0.09,0.62,0.30,0.18,0.34,0.08
2012-07-25,0.36,0.09,0.17,0.20,0.10,0.22,0.11,0.08,0.09,0.25,0.36,0.2,0.24,0.09,0.08,0.11,0.21,0.08,0.52,0.21,0.24,0.3,0.2,0.62,0.32,0.24,0.42,0.11
2012-07-26,0.41,0.09,0.20,0.53,0.12,0.23,0.16,0.28,0.1,0.15,0.37,0.25,0.25,0.08,0.11,0.16,0.23,0.08,0.56,0.20,0.26,0.27,0.19,0.57,0.43,0.25,0.29,0.09
2012-07-27,0.36,0.11,0.16,0.16,0.36,0.15,0.15,0.32,0.11,0.24,0.33,0.2,0.24,0.09,0.1,0.12,0.19,0.21,0.56,0.17,0.28,0.28,0.16,0.71,0.40,0.17,0.26,0.08
2012-07-28,0.38,0.14,0.24,0.18,0.36,0.14,0.19,0.25,0.12,0.4,0.23,0.16,0.26,0.31,0.11,0.12,0.20,0.24,0.52,0.18,0.29,0.31,0.17,0.60,0.32,0.18,0.26,0.08
2012-07-29,0.39,0.18,0.16,0.21,0.37,0.09,0.14,0.24,0.12,0.38,0.21,0.18,0.26,0.44,0.09,0.16,0.25,0.16,0.41,0.17,0.25,0.32,0.16,0.46,0.35,0.20,0.27,0.08
2012-07-30,0.37,0.12,0.11,0.12,0.33,0.09,0.1,0.23,0.09,0.15,0.24,0.1,0.17,0.37,0.09,0.09,0.20,0.10,0.50,0.13,0.16,0.19,0.1,0.43,0.31,0.19,0.21,0.08
2012-07-31,0.43,0.20,0.24,0.13,0.24,0.08,0.11,0.22,0.1,0.28,0.24,0.13,0.21,0.37,0.09,0.12,0.20,0.08,0.57,0.15,0.2,0.25,0.1,0.46,0.32,0.12,0.26,0.08
2012-08-01,0.38,0.11,0.15,0.26,0.08,0.11,0.11,0.23,0.14,0.19,0.25,0.14,0.21,0.37,0.1,0.10,0.19,0.08,0.53,0.16,0.21,0.23,0.14,0.47,0.32,0.16,0.23,0.08
2012-08-02,0.42,0.22,0.31,0.35,0.11,0.08,0.13,0.23,0.13,0.36,0.21,0.15,0.24,0.40,0.14,0.10,0.30,0.25,0.49,0.16,0.28,0.34,0.23,0.92,0.31,0.21,0.27,0.08
2012-08-03,0.43,0.36,0.37,0.36,0.10,0.08,0.12,0.22,0.09,0.43,0.19,0.18,0.26,0.41,0.12,0.13,0.35,0.33,0.44,0.16,0.26,0.39,0.24,0.38,0.33,0.19,0.28,0.08
2012-08-04,0.43,0.36,0.41,0.27,0.10,0.08,0.15,0.21,0.09,0.54,0.21,0.17,0.29,0.43,0.14,0.17,0.30,0.34,0.48,0.15,0.26,0.34,0.27,0.39,0.33,0.26,0.24,0.08
2012-08-05,0.43,0.29,0.28,0.27,0.12,0.08,0.13,0.17,0.1,0.46,0.21,0.17,0.25,0.41,0.12,0.14,0.29,0.30,0.35,0.14,0.25,0.31,0.17,0.32,0.37,0.26,0.21,0.08
2012-08-06,0.39,0.17,0.20,0.38,0.15,0.08,0.09,0.14,0.1,0.33,0.28,0.21,0.30,0.44,0.1,0.18,0.42,0.36,0.44,0.16,0.34,0.37,0.22,0.45,0.40,0.33,0.30,0.23
2012-08-07,0.36,0.15,0.18,0.37,0.11,0.08,0.09,0.16,0.11,0.24,0.23,0.19,0.27,0.38,0.08,0.09,0.32,0.34,0.39,0.16,0.18,0.26,0.18,0.40,0.32,0.25,0.23,0.43
2012-08-08,0.28,0.08,0.10,0.12,0.09,0.08,0.08,0.11,0.09,0.13,0.15,0.13,0.18,0.34,0.08,0.09,0.16,0.20,0.36,0.12,0.09,0.2,0.1,0.29,0.23,0.12,0.13,0.38
2012-08-09,0.29,0.08,0.10,0.09,0.08,0.08,0.08,0.08,0.09,0.17,0.15,0.12,0.16,0.33,0.08,0.09,0.18,0.22,0.35,0.13,0.12,0.15,0.1,0.32,0.20,0.10,0.16,0.36
2012-08-10,0.33,0.08,0.12,0.11,0.08,0.08,0.08,0.08,0.1,0.17,0.20,0.12,0.15,0.35,0.08,0.09,0.15,0.17,0.42,0.11,0.12,0.16,0.13,0.44,0.32,0.12,0.17,0.35
2012-08-11,0.33,0.08,0.10,0.11,0.08, ,0.08,0.08,0.08,0.19,0.13,0.12,0.11,0.30,0.08,0.09,0.12,0.17,0.45,0.12,0.09,0.12,0.11,0.29,0.28,0.11,0.23,0.37
2012-08-12,0.29,0.10,0.10,0.10,0.08,0.10,0.08,0.08,0.08,0.11,0.11,0.09,0.10,0.24,0.09,0.08,0.09,0.13,0.34,0.11,0.1,0.11,0.09,0.14,0.24,0.08,0.14,0.35
2012-08-13,0.38,0.19,0.23,0.09,0.08,0.08,0.1,0.08,0.09,0.28,0.16,0.09,0.15,0.32,0.11,0.09,0.17,0.20,0.43,0.11,0.21,0.24,0.16,0.34,0.29,0.10,0.12,0.36
2012-08-14,0.4,0.15,0.19,0.12,0.08,0.08,0.1,0.08,0.09,0.28,0.20,0.1,0.20,0.35,0.13,0.10,0.19,0.25,0.48,0.12,0.23,0.31,0.15,0.44,0.25,0.13,0.13,0.35
2012-08-15,0.36,0.11,0.14,0.17,0.09,0.08,0.08,0.08,0.09,0.27,0.20,0.12,0.21,0.36,0.12,0.11,0.20,0.24,0.47,0.14,0.23,0.27,0.14,0.46,0.27,0.14,0.14,0.31
2012-08-16,0.46,0.25,0.29,0.24,0.11,0.08,0.14,0.10,0.1,0.28,0.21,0.12,0.25,0.38,0.16,0.10,0.24,0.27,0.40,0.13,0.25,0.34,0.2,0.43,0.33,0.15,0.17,0.37
2012-08-17,0.4,0.12,0.22,0.09,0.10,0.08,0.08,0.08,0.11,0.2,0.18,0.13,0.19,0.40,0.1,0.10,0.27,0.29,0.43,0.16,0.22,0.31,0.15,0.46,0.36,0.14,0.25,0.38
2012-08-18,0.4,0.12,0.17,0.11,0.09,0.08,0.08,0.08,0.11,0.17,0.17,0.12,0.20,0.38,0.08,0.11,0.17,0.21,0.42,0.17,0.19,0.27,0.17,0.43,0.32,0.11,0.19,0.42
2012-08-19,0.42,0.16,0.16,0.10,0.08,0.08,0.09,0.09,0.08,0.27,0.15,0.13,0.19,0.31,0.11,0.10,0.14,0.17,0.39,0.15,0.18,0.18,0.13,0.32,0.25,0.10,0.17,0.42
2012-08-20,0.53,0.46,0.54,0.20,0.11,0.08,0.15,0.09,0.1,0.41,0.22,0.13,0.19,0.37,0.23,0.15,0.22,0.26,0.43,0.15,0.3,0.36,0.19,0.51,0.25,0.15,0.28,0.43
2012-08-21,0.52,0.44,0.56,0.33,0.13,0.08,0.14,0.09,0.13,0.43,0.25,0.17,0.27,0.47,0.16,0.14,0.37,0.38,0.56,0.24,0.34,0.45,0.23,0.57,0.36,0.26,0.26,0.45
2012-08-22,0.57,0.45,0.52,0.37,0.10,0.08,0.13,0.11,0.16,0.46,0.33,0.17,0.32,0.48,0.25,0.14,0.48,0.39,0.58, ,0.44,0.47,0.31,0.60,0.34,0.53,0.26,0.44
2012-08-23,0.65,0.44,0.51,0.41,0.18,0.10,0.14,0.27,0.16,0.58,0.44,0.26,0.43,0.48,0.3,0.18,0.60,0.54,0.70, ,0.42,0.45,0.26,0.74,0.40,0.56,0.35,0.49
2012-08-24,0.71,0.72,0.78,0.53,0.18,0.15,0.21,0.31,0.23,0.54,0.43,0.34,0.49,0.57,0.31,0.20,0.67,0.64,0.71, ,0.64,0.47,0.3,0.71,0.49,0.65,0.39,0.61
2012-08-25,0.57,0.39,0.52,0.53,0.29,0.19,0.21,0.26,0.27,0.42,0.53,0.37,0.53,0.63,0.23,0.17,0.71,0.68, , ,0.63,0.63,0.31,0.88,0.49,0.80,0.40,0.75
2012-08-26,0.6,0.29,0.39,0.52,0.47,0.23,0.2,0.40,0.31,0.45,0.43,0.39,0.51,0.55,0.17,0.11,0.67,0.72, , ,0.34,0.38,0.35,0.65,0.47,0.64,0.44,0.76
2012-08-27,0.3,0.08,0.10,0.15,0.08,0.11,0.09,0.11,0.08,0.09,0.21,0.1,0.13,0.26,0.08,0.08,0.22,0.25, , ,0.08,0.08,0.1,0.31,0.28,0.23,0.14,0.40
2012-08-28,0.31,0.10,0.09,0.09,0.08,0.08,0.12,0.08,0.1,0.15,0.20,0.09,0.14,0.29,0.09,0.08,0.12,0.17, , ,0.18,0.16,0.13,0.45,0.26,0.13,0.10,0.37
2012-08-29,0.45,0.27,0.28,0.19,0.09,0.08,0.23,0.08,0.1,0.3,0.19,0.1,0.19,0.33,0.15,0.10,0.24,0.26, , ,0.21,0.3,0.25,0.42,0.26,0.16,0.25,0.37
2012-08-30,0.51,0.45,0.52,0.32,0.11,0.08,0.27,0.09,0.13,0.42,0.22,0.13,0.25,0.44,0.24,0.11,0.29,0.26, , ,0.36,0.35,0.28,0.54,0.29,0.25,0.29,0.43
2012-08-31,0.51,0.34,0.43,0.31,0.20,0.10,0.14,0.28,0.29,0.26,0.40,0.18,0.31,0.70,0.14,0.12,0.48,0.30, , ,0.42,0.42,0.24,1.03,0.60,0.55,0.31,0.49
2012-09-01,0.33,0.08,0.17,0.10,0.23,0.09,0.12,0.45,0.33,0.09,0.45,0.12,0.17,0.52,0.11,0.14,0.20,0.15, , ,0.28,0.18,0.14,1.00,0.51,0.51,0.21,0.45
2012-09-02,0.31,0.09,0.08,0.12,0.11,0.08,0.16,0.14,0.18,0.09,0.37,0.1,0.16,0.37,0.11,0.12,0.11,0.10, , ,0.19,0.19,0.11,0.41,0.33,0.40,0.09,0.36
2012-09-03,0.3,0.27,0.09,0.23,0.11,0.08,0.14,0.09,0.15,0.12,0.44,0.1,0.13,0.42,0.08,0.11,0.17,0.13, , ,0.3,0.3,0.08,0.42,0.33,0.32,0.26,0.35
2012-09-04,0.33,0.42,0.11,0.28,0.13,0.09,0.16,0.22,0.17,0.18,0.43,0.11,0.19,0.45,0.11,0.12,0.17,0.14, , ,0.32,0.31,0.09,0.61,0.36,0.34,0.29,0.36
2012-09-05,0.55,0.58,0.24,0.35,0.13,0.11,0.23,0.17,0.2,0.25,0.47,0.16,0.25,0.52,0.31,0.20,0.30,0.32, , ,0.42,0.61,0.13,0.70,0.40,0.31,0.32,0.43
2012-09-06,0.45,0.48,0.32,0.64,0.08,0.21,0.23,0.23,0.15,0.35,0.49,0.1,0.23,0.44,0.25,0.21,0.41,0.36,0.52, ,0.29,0.39,0.15,0.57,0.44,0.37,0.41,0.56
2012-09-07,0.36,0.33,0.14,0.24,0.08,0.15,0.13,0.16,0.09,0.19,0.29,0.09,0.14,0.26,0.1,0.09,0.15,0.27,0.28, ,0.16,0.37,0.08,0.35,0.26,0.12,0.22,0.40
2012-09-08,0.37,0.58,0.29,0.20,0.09,0.08,0.16,0.08,0.11,0.4,0.33,0.13,0.22,0.34,0.16,0.09,0.21,0.23,0.46, ,0.26,1.09,0.11,0.37,0.23,0.16,0.19,0.34
2012-09-09,0.41,0.74,0.42,0.24,0.09,0.08,0.14,0.08,0.1,0.38,0.30,0.14,0.24,0.32,0.22,0.09,0.18,0.22,0.33, ,0.31,0.51,0.14,0.31,0.22,0.16,0.20,0.32
2012-09-10,0.46,0.68,0.31,0.22,0.10,0.08,0.1,0.08,0.12,0.2,0.32,0.11,0.20,0.38,0.08,0.09,0.13,0.25,0.22,0.13,0.28,0.56,0.11,0.51,0.30,0.23,0.27,0.31
2012-09-11,0.27,0.36,0.09,0.20,0.12,0.08,0.09,0.13,0.17,0.09,0.39,0.11,0.23,0.43,0.08,0.08,0.20,0.15,0.13,0.08,0.27,1.7,0.08,0.64,0.33,0.32,0.22,0.34
2012-09-12,0.27,0.40,0.08,0.31,0.11,0.08,0.09,0.13,0.16,0.13,0.34,0.09,0.16,0.40,0.08,0.09,0.22,0.16,0.11,0.10,0.28,0.63,0.09,0.56,0.34,0.33,0.23,0.33
2012-09-13,0.29,0.42,0.11,0.38,0.10,0.08,0.1,0.17,0.17,0.08,0.40,0.09,0.18,0.35,0.08,0.09,0.31,0.22,0.22,0.20,0.17,0.32,0.09,0.63,0.45,0.36,0.23,0.38
2012-09-14,0.26,0.40,0.09,0.38,0.08,0.08,0.1,0.17,0.09,0.08,0.23,0.09,0.12,0.27,0.09,0.08,0.26,0.23,0.36,0.13,0.33,0.16,0.08,0.49,0.35,0.20,0.35,0.39
2012-09-15,0.33,0.43,0.12,0.37,0.08,0.08,0.1,0.09,0.11,0.15,0.34,0.11,0.18,0.36,0.08,0.09,0.19,0.27,0.41,0.09,0.2,0.11,0.11,0.40,0.36,0.14,0.20,0.45
2012-09-16,0.29,0.39,0.10,0.14,0.09,0.08,0.1,0.10,0.2,0.15,0.32,0.08,0.13,0.33,0.08,0.08,0.09,0.20,0.29,0.09,0.16,0.12,0.12,0.22,0.21,0.10,0.10,0.46
2012-09-17,0.28,0.38,0.09,0.13,0.14,0.08,0.13,0.15,0.16,0.16,0.39,0.11,0.20,0.40,0.08,0.10,0.21,0.31,0.16,0.10,0.32,0.28,0.09,0.55,0.32,0.23,0.10,0.49
2012-09-18,0.28,0.36,0.08,0.18,0.13,0.08,0.12,0.10,0.2,0.13,0.45,0.16,0.21,0.41,0.09,0.10,0.24,0.23,0.16,0.11,0.34,0.33,0.08,0.62,0.33,0.19,0.08,0.37
2012-09-19,0.27,0.40,0.09,0.43,0.13,0.08,0.09,0.12,0.12,0.09,0.37,0.09,0.26,0.41,0.1,0.11,0.21,0.18,0.45,0.08,0.3,0.28,0.09,0.57,0.38,0.23,0.08,0.31
2012-09-20,0.3,0.50,0.11,0.34,0.09,0.08,0.08,0.08,0.08,0.08,0.41,0.1,0.18,0.26,0.09,0.10,0.18,0.20,0.59,0.08,0.15,0.12,0.09,0.44,0.46,0.20,0.08,0.28
2012-09-21,0.39,0.48,0.15,0.14,0.09,0.08,0.13,0.08,0.16,0.11,0.34,0.12,0.11,0.35,0.13,0.09,0.21,0.25,0.79,0.09,0.25,0.27,0.08,0.40,0.31,0.14, ,0.25
2012-09-22,0.45,0.66,0.53,0.33,0.12,0.08,0.2,0.08,0.18,0.32,0.35,0.21,0.32,0.41,0.24,0.09,0.39,0.42,0.90,0.17,0.38,0.5,0.13,0.52,0.30,0.44,0.40,0.31
2012-09-23,0.48,0.82,0.42,0.50,0.14,0.08,0.11,0.09,0.23,0.34,0.41,0.24,0.38,0.37,0.27,0.09,0.33,0.40,0.78,0.12,0.5,0.36,0.18,0.57,0.26,0.68,0.14,0.29
2012-09-24,0.83,0.73,0.22,0.63,0.19,0.08,0.16,0.08,0.25,0.18,0.52,0.35,0.37,0.42,0.18,0.19,0.47,0.49,0.88,0.23,0.56,0.54,0.12,0.70,0.56,0.46,0.16,0.30
2012-09-25,0.56,0.44,0.30,0.66,0.18,0.08,0.17,0.08,0.18,0.22,0.51,0.24,0.35,0.34,0.13,0.11,0.54,0.49,0.66,0.14,0.49,0.38,0.13,0.84,0.36,0.38,0.52,0.32
2012-09-26,0.46,0.84,0.49,0.52,0.14,0.08,0.18,0.08,0.17,0.4,0.60,0.22,0.33,0.37,0.31,0.13,0.46,0.44,0.94,0.12,0.63,0.39,0.12,0.67,0.36,0.35,0.39,0.31
2012-09-27,0.6,0.93,0.45,0.68,0.12,0.08,0.25,0.08,0.16,0.25,0.69,0.24,0.36,0.44,0.33,0.13,0.40,0.38,1.24,0.24,0.78,0.43,0.12,0.68,0.47,0.57,0.50,0.22
2012-09-28,0.59,0.76,0.59,0.70,0.18,0.08,0.13,0.08,0.13,0.19,0.47,0.21,0.36,0.34,0.22,0.12,0.42,0.42,0.99,0.20,0.59,0.41,0.11,0.63,0.31,0.55,0.54,0.32
2012-09-29,0.49,0.50,0.30,0.58,0.13,0.08,0.17,0.08,0.19,0.18,0.50,0.13,0.37,0.48,0.13,0.18,0.43,0.50,0.81,0.11,0.67,0.51,0.12,0.80,0.39,0.65,0.46,0.41
2012-09-30,0.59,0.48,0.18,0.68,0.12,0.08,0.23,0.08,0.17,0.17,0.43,0.14,0.32,0.42,0.27,0.30,0.59,0.59,0.82,0.13,0.7,0.36,0.15,0.62,0.40,,0.42,0.45
2012-10-01,0.56,0.57,0.29,0.66,0.22,0.08,0.22,0.08,0.29,0.25,0.60,0.27,0.32,0.52,0.44,0.35,0.48,0.48,0.89,0.09,0.64,0.52,0.14,0.82,0.59,,0.55,0.53
2012-10-02,0.39,0.34,0.13,0.26,0.11,0.08,0.16,0.08,0.18,0.1,0.38,0.11,0.14,0.45,0.25,0.26,0.26,0.15,0.90,0.08,0.46,0.46,0.1,0.74,0.47,,0.43,0.39
2012-10-03,0.43,0.31,0.13,0.19,0.08,0.08,0.11,0.09,0.11,0.18,0.40,0.09,0.11,0.28,0.14,0.10,0.21,0.26,0.67,0.08,0.25,0.25,0.11,0.39,0.25,0.31,0.33,0.36
2012-10-04,0.56,0.83,0.56,0.26,0.12,0.08,0.19,0.08,0.16,0.43,0.45,0.12,0.24,0.35,0.33,0.12,0.32,0.34,0.73,0.10,0.56,0.45,0.21,0.51,0.27,0.37,0.25,0.37
2012-10-05,0.64,0.81,0.67,0.57,0.11,0.08,0.26,0.11,0.25,0.47,0.52,0.16,0.29,0.31,0.46,0.17,0.35,0.33,0.86,0.11,0.45,0.46,0.21,0.62,0.36,0.44,0.30,0.32
2012-10-06,0.71,1.06, ,0.56,0.12,0.08,0.41,0.08,0.25,0.51,0.57,0.25,0.36,0.42,0.47,0.24,0.42,0.39,0.84,0.23,0.75,0.61,0.24,0.66,0.38,0.67,0.39,0.40
2012-10-07,0.58,1.02, ,0.56,0.11,0.08,0.3,0.19,0.25,0.38,0.59,0.32,0.36,0.36,0.35,0.12,0.44,0.56,0.89,0.11,0.67,0.49,0.3,0.43,0.31,0.78,0.38,0.42
2012-10-08,0.33,0.34, ,0.20,0.10,0.08,0.1,0.35,0.14,0.22,0.35,0.16,0.17,0.28,0.14,0.09,0.24,0.28,0.58,0.10,0.25,0.2,0.13,0.34,0.28,0.30,0.24,0.28
2012-10-09,0.47,0.83, ,0.42,0.15,0.08,0.2,0.32,0.28,0.36,0.40,0.16,0.30,0.47,0.19,0.11,0.33,0.36,0.68,0.22,0.53,0.36,0.15,0.66,0.37,0.51,0.24,0.27
2012-10-10,0.6,0.58, ,0.54,0.22,0.08,0.26,0.43,0.31,0.42,0.57,0.31,0.47,0.51,0.25,0.15,0.48,0.45,0.79,0.14,0.49,0.35,0.3,0.76,0.33,1.12,0.44,0.45
2012-10-11,0.41,0.46, ,0.47,0.17,0.11,0.22,0.48,0.35,0.25,0.53,0.23,0.41,0.46,0.15,0.10,0.44,0.43,0.78,0.11,0.38,0.37,0.17,0.54,0.37,1.05,0.56,0.55
2012-10-12,0.5,0.60, ,0.31,0.29,0.08,0.29,0.33,0.43,0.18,0.55,0.2,0.39,0.68,0.14,0.16,1.11,0.94,0.76,0.12,0.47,0.52,0.13,0.78,0.64,0.92,0.56,0.42
2012-10-13,0.43,0.44, ,0.36,0.21,0.14,0.15,0.27,0.43,0.1,0.49,0.22,0.28,0.51,0.16,0.14,0.74,0.58,0.75,0.10,0.24,0.27,0.23,0.79,0.53,0.96,0.44,0.51
2012-10-14,0.45,0.49, ,0.29,0.26,0.09,0.22,0.27,0.36,0.13,0.58,0.23,0.54,0.55,0.14,0.13,0.54,0.69,0.68,0.10,0.32,0.35,0.22,0.72,0.45,0.55,0.56,0.59
2012-10-15,0.59,0.75, ,0.24,0.52,0.08,0.24,0.23,0.37,0.09,0.73,0.26,0.55,0.50,0.22,0.21,0.61,0.48,0.62,0.21,0.4,0.47,0.12,0.98,0.53,0.80,0.65,0.42
2012-10-16,0.29,0.35, ,0.29,0.20,0.08,0.08,0.23,0.29,0.09,0.45,0.11,0.21,0.66,0.09,0.09,0.38,0.33,0.51,0.08,0.29,0.25,0.11,1.29,0.59,0.61,0.55,0.24
2012-10-17,0.32,0.49, ,0.40,0.10,0.08,0.1,0.23,0.23,0.2,0.34,0.19,0.19,0.42,0.21,0.13,0.30,0.33,0.56,0.21,0.32,0.36,0.16,0.84,0.42,0.37,0.76,0.25
2012-10-18,0.75,0.72, ,0.68,0.10,0.08,0.11,0.24,0.37,0.23,0.53,0.35,0.35,0.54,0.12,0.13,0.42,0.45,0.67,0.19,0.45,0.61,0.14,1.03,0.52,0.70,0.71,0.32
2012-10-19,0.74,0.70,0.13,1.00,0.10,0.08,0.2,0.23,0.48,0.17,0.69,0.55,0.50,0.74,0.53,0.31,0.67,0.69,0.82,0.31,0.85,1.2,0.16,1.47,0.62,1.03,0.89,0.41
2012-10-20,0.84,0.84,0.35,0.82,0.13,0.08,0.26,0.22,0.42,0.13,0.63,0.35,0.52,0.73,0.74,0.26,0.42,0.42,1.05,0.13,0.99,1.37,0.13,1.39,0.37,1.00,1.13,0.35
2012-10-21,0.27,0.28,0.09,0.45,0.16,0.08,0.21,0.23,0.51,0.08,0.44,0.16,0.41,0.69,0.1,0.10,0.12,0.14,0.34,0.11,0.26,0.53,0.1,1.00,0.51,0.47,1.47,0.44
2012-10-22,0.62,0.63,0.15,0.76,0.27,0.08,0.24,0.23,0.46,0.35,0.56,0.32,0.62,0.76,0.24,0.11,0.30,0.36,0.78,0.18,0.59,0.85,0.18,1.12,0.47,0.64,1.16,0.46
2012-10-23,0.69,0.96,0.81,0.73,0.18,0.11,0.37,0.23,0.6,0.62,0.72,0.42,0.92,0.91,0.56,0.23,0.38,0.47,1.09,0.13,0.67,0.7,0.38,1.17,0.58,0.46,1.51,0.58
2012-10-24,0.57,0.68,0.61,0.70,0.18,0.24,0.37,0.24,0.55,0.49,0.65,0.5,0.65,0.86,0.35,0.27,0.69,0.77,0.81, ,0.52,0.44,0.45,1.12,0.55,0.76,1.68,0.68
2012-10-25,0.58,0.68,0.35,0.69,0.28,0.15,0.24,0.24,0.66,0.34,0.70,0.26,0.34,0.77,0.32,0.25,0.60,0.73,0.79, ,0.71,0.75,0.43,1.16,0.67,1.37,1.32,0.73
2012-10-26,0.83,1.11,0.63,0.66,0.39,0.15,0.22,0.23,0.64,0.5,0.91,0.34,0.75,1.09,0.56,0.41,0.92,1.11,0.95, ,0.75,1.47,0.58,1.40,1.32,1.94,1.37,0.92
2012-10-27,0.26,0.30,0.21,0.61,0.19,0.08,0.11,0.23,0.58,0.16,0.51,0.22,0.74,0.71,0.12,0.12,0.91,0.79,0.28, ,0.4,0.5,0.22,1.27,1.07,1.59,1.36,0.43
2012-10-28,0.29,0.14,0.08,0.43,0.08,0.08,0.15,0.23,0.24,0.08,0.22,0.08,0.12,0.36,0.11,0.12,0.42,0.45,0.38, ,0.41,0.25,0.15,0.67,0.32,0.36,1.28,0.32
2012-10-29,0.42,0.27,0.08,0.21,0.08,0.16,0.2,0.23,0.31,0.08,0.41,0.11,0.22,0.40,0.17,0.12,0.25,0.38,0.58, ,0.29,0.29,0.28,0.60,0.54,0.62,0.68,0.50
2012-10-30,0.38,0.55,0.14,0.26,0.19,0.13,0.2,0.33,0.33,0.14,0.61,0.18,0.31,0.61,0.18,0.10,0.40,0.47,0.50, ,0.54,0.55,0.33,0.59,0.64,0.57,0.48,0.45
2012-10-31,0.74,1.09,0.64,0.49,0.63,0.08,0.26,0.25,0.71,0.17,1.00,0.92,1.19,1.25,0.29,0.28,1.56,1.48,0.70, ,0.9,1.2,0.54,1.72,1.61,1.44,0.90,0.67
2012-11-01,0.39,0.42,0.17,0.37,0.36,0.08,0.13,0.23,1.16,0.08,0.55,0.23,0.64,1.47,0.19,0.11,1.15,0.72,0.33, ,0.43,0.84,0.24,3.04,1.52,0.87,1.52,0.34
2012-11-02,1.04,1.45,0.60,1.09,0.77,0.08,0.12,0.23,1.05,0.34,1.13,0.56,1.71,0.70,0.76,0.17,1.39,1.28,1.24, ,0.88,1.98,0.37,2.61,1.64,1.40,1.07,0.53
2012-11-03,0.54,0.92,0.59,0.82,0.38,0.08,0.21,0.23,0.42,0.32,0.76,0.63,1.29,0.80,0.31,0.27,1.18,1.12,0.97, ,0.6,1.29,0.37,1.34,0.99,1.67,1.66,0.63
2012-11-04,0.86,1.38,0.62,0.70,0.37,0.08,0.14,0.23,0.66,0.16,0.80,0.71,1.57,0.92,0.66,0.16,0.94,0.88,0.81, ,0.81,1.67,0.22,1.17,1.27,2.57,2.04,0.42
2012-11-05,0.24,0.36,0.13,0.77,0.49,0.08,0.09,0.23,0.62,0.09,0.42,0.13,0.82,0.37,0.14,0.09,0.72,0.71,0.28, ,0.39,0.6,0.11,1.75,0.76,1.61,1.68,0.22
2012-11-06,0.3,0.39,0.08,0.41,0.21,0.08,0.21,0.23,0.34,0.25,0.41,0.16,0.48,0.36,0.18,0.09,0.45,0.53,0.43, ,0.4,0.46,0.32,0.81,0.52,0.48,1.19,0.28
2012-11-07,0.39,0.48,0.35,0.22,0.25,0.10,0.2,0.24,0.34,0.25,0.58,0.39,0.91,0.49,0.24,0.14,0.58,0.77,0.77, ,0.57,0.43,0.48,1.08,0.69,0.62,1.17,0.44
2012-11-08,0.49,0.96,0.52,0.37,0.33,0.09,0.23,0.23,0.76,0.53,0.77,0.54,1.50,0.43,0.27,0.13,1.02,1.10,0.78, ,0.93,1.0,0.51,1.31,0.97,1.00,1.16,0.79
2012-11-09,0.84,1.03,0.59,0.85,0.65,0.11,0.31,0.24,0.88,0.24,0.90,0.85,2.26, ,0.44,0.23,1.34,1.34,1.07, ,1.23,1.6,0.44,1.84,1.54,2.72,1.34,1.02
2012-11-10,0.75,1.02,0.65,0.29,0.49,0.16,0.38,0.23,0.97,0.44,0.76,0.69,2.64, ,0.38,0.14,1.53,1.42,0.73, ,1.29,1.57,0.44,1.52,1.59,2.71,1.83,1.03
2012-11-11,0.26,0.22,0.08,0.45,0.51,0.08,0.1,0.18,1.34,0.08,0.27,0.09,0.71, ,0.09,0.09,0.92,0.54,0.16, ,0.3,0.46,0.17,1.85,2.68,2.93,1.15,0.29
2012-11-12,0.79,0.36,0.85,0.91,0.74,0.08,0.55,0.18,1.48,0.16,0.75,0.46,1.24, ,0.56,0.37,1.12,0.91,1.01, ,0.82,1.65,0.31,2.73,2.11,2.49,2.14,0.51
2012-11-13,1.26, ,1.37,1.08,0.73,0.22,0.63,0.25,1.15,0.37,0.98,1.17,1.69, ,0.76,0.48,1.13,0.95,1.43, ,1.16,1.25,0.84,2.16,1.40,2.87,2.83,0.90
2012-11-14,0.37, ,0.11,0.19,0.19,0.21,0.39,0.28,0.42,0.08,0.42,0.17,0.28, ,0.18,0.10,0.31,0.51,0.36, ,0.48,0.49,0.26,0.54,0.51,0.56,1.22,0.54
2012-11-15,0.31, ,0.14,0.08,0.27,0.08,0.76,0.32,0.39,0.1,0.54,0.24,0.23, ,0.13, ,0.39,0.41,0.20, ,0.35,0.43,0.29,0.47,0.45,0.80,0.68,0.57
2012-11-16,0.54, ,0.26,0.11,0.30,0.08,1.0,0.35,0.51,0.27,0.54,0.28,0.30, ,0.3, ,0.62,0.79,0.52, ,0.63,0.75,0.46,0.72,0.64,2.03,0.51,0.48
2012-11-17,0.49, ,0.23,0.16,0.41,0.09,0.57,0.33,0.59,0.33,0.85,0.19,0.53, ,0.4, ,0.97,0.85,0.50, ,0.74,1.63,0.27,0.88,1.43,3.04,0.57,0.46
2012-11-18,0.35, ,0.11,0.17,0.40,0.20,0.25,0.25,1.02,0.34,0.75,0.32,0.81, ,0.17, ,0.77,0.70,0.08, ,0.36,0.63,0.26,1.42,2.04, ,0.63,0.51
2012-11-19,0.36,0.36,0.09,0.17,0.54,0.23,0.43,0.30,0.95,0.29,0.88,0.28,0.80, ,0.12, ,0.38,0.35,0.16, ,0.38,0.65,0.28,2.36,2.04, ,0.53,0.45
2012-11-20,0.32,0.29,0.09,0.14,0.38,0.23,0.52,0.35,0.72,0.36,0.65,0.2,0.39, ,0.19, ,0.52,0.47,0.08, ,0.39,0.55,0.25,1.55,1.25, ,0.55,0.44
2012-11-21,0.33,0.30,0.09,0.11,0.32,0.23,0.69,0.33,0.86,0.39,0.46,0.14,0.16, ,0.21, ,0.30,0.29,0.22, ,0.33,0.47,0.21,1.52,1.48, ,0.55,0.39
2012-11-22,0.39,0.51,0.19,0.11,0.24,0.23,0.31,0.29,0.51,0.33,0.61,0.17,0.21, ,0.25, ,0.47,0.60,0.70, ,0.52,0.75,0.31,0.84,1.71, ,0.52,0.40
2012-11-23,0.53,0.62,0.32,0.20,0.54,0.23,0.38,0.25,0.89,0.34,0.77,0.27,0.39, ,0.47, ,0.47,0.46,0.76, ,1.09,1.13,0.35,1.24,1.12,2.14,0.60,0.44
2012-11-24,1.01,1.17,0.78,0.56,0.64,0.26,0.45,0.31,1.22,0.71,1.11,0.66,1.41, ,0.55, ,0.63,0.91,1.14, ,1.12,1.27,0.86,1.83,0.99,1.35,0.82,0.81
2012-11-25,1.89,2.06,1.54,0.47,0.67,0.23,0.57,0.25,0.77,0.73,1.15,0.75,1.69, ,0.72, ,1.34,1.47,1.68, ,0.84,1.24,1.41,1.60,1.61,1.46,1.53,1.08
2012-11-26,2.05,2.39,1.55,0.72,1.16,0.24,0.38,0.23,0.98,0.75,1.23,1.7,2.45, ,0.71,0.30,1.53,1.47,1.42,4.23,1.11,1.25,0.82,2.30,2.61,2.78,1.01,1.11
2012-11-27,1.45,1.49,0.55,0.64,1.20,0.21,0.31,0.23,1.53,0.6,1.21,2.5,3.18,3.19,0.35,0.25,1.92,1.21,0.57,1.85,0.89,2.51,0.36,3.07,3.26,1.87,0.92,0.85
2012-11-28,0.78,0.74,0.21,0.42,0.99,0.12,0.19,0.28,1.16,0.51,1.08,0.77,2.90,1.26,0.37,0.18,1.91,1.34,0.42,0.65,0.66,1.04,0.21,2.70,2.15,1.79,0.62,0.59
2012-11-29,0.22,0.24,0.08,0.48,0.57,0.09,0.13,0.41,0.58,0.45,0.70,0.18,0.34,0.39,0.25,0.08,1.08,0.85,0.33,0.33,0.25,0.41,0.25,1.22,0.61,0.84,0.69,0.25
2012-11-30,0.36,0.31,0.15,0.86,0.80,0.08,0.24, ,0.64,0.46,0.63,0.24,0.34,0.48,0.28,0.12,1.38,1.22,0.47,0.40,0.26,0.23,0.17,2.25,1.60,0.79,1.12,0.22
2012-12-01,0.47,0.33,0.17,0.51,0.20,0.23,0.37, ,0.51,0.39,0.41,0.23,0.34,0.46,0.4,0.14,1.05,1.08,0.63,0.55,0.49,0.32,0.33,0.82,0.58,1.00,1.59,0.60
2012-12-02,0.57,0.51,0.30,0.72,0.39,0.23,0.52, ,0.75,0.48,0.70,0.23,0.80,0.71,0.47,0.23,0.79,0.93,0.75,0.80,0.6,0.52,0.55,0.65,0.87,1.53,1.33,0.67
2012-12-03,0.43,0.29,0.14,0.44,0.19,0.28,0.36, ,0.46,0.32,0.70,0.24,0.54,0.35,0.32,0.13,0.50,0.63,0.44,0.64,0.28,0.15,0.34,0.57,0.74,0.90,0.87,0.59
2012-12-04,0.46,0.57,0.28,0.55,0.51,0.17,0.3, ,0.71,0.53,0.70,0.24,0.59,1.01,0.37,0.13,0.55,0.55,0.41,0.58,0.64,0.68,0.37,1.00,1.60,1.21,0.40,0.54
2012-12-05,0.55,0.51,0.31,0.63,0.87,0.15,0.48, ,0.77,0.33,0.97,0.45,0.81,0.98,0.49,0.26,0.76,0.72,0.54,0.70,0.63,0.49,0.43,1.38,1.34,1.11,0.74,0.62
2012-12-06,0.58,0.39,0.18,0.41,0.49,0.24,0.49, ,0.98,0.35,0.85,0.75,0.70,1.07,0.62,0.42,0.63,0.82,0.81,1.10,1.07,0.72,0.53,1.29,1.53,0.89,2.00,0.92
2012-12-07,0.5, ,0.21,0.55,0.46,0.24,0.42, ,0.88,0.31,0.70,0.5,0.34,0.72,0.43,0.20,0.61,0.74,0.60,0.76,0.5,0.56,0.53,1.23,0.99,0.93,1.67,0.64
2012-12-08,0.46, ,0.22,0.54,0.37,0.23,0.38, ,1.09,0.27,0.69,0.15,0.41,1.00,0.3,0.10,0.77,0.67,0.40,0.85,0.36,0.3,0.49,1.34,0.89,1.62,1.55,0.60
2012-12-09,0.48,0.22,0.14,0.37,0.20,0.28,0.4, ,0.72,0.31,0.47,0.17,0.60,0.47,0.37,0.21,0.22,0.54,0.47,0.60,0.38,0.2,0.46,0.36,0.74,0.73,0.89,0.69
2012-12-10,1.27,1.15,0.86,0.71,0.78,0.22,0.66, ,1.93,0.92,1.20,0.62,1.29,1.02,0.78,0.38,1.03,1.30,1.21,1.38,1.53,2.34,1.07,1.51,2.53,1.14,0.78,1.16
2012-12-11,1.17,1.03,1.10,0.87,1.09,0.24,0.78, ,1.29,0.59,1.23,1.03,1.81,1.61,0.98,0.76,1.33,1.58,1.15,1.51,1.04,1.31,1.2,1.13,2.53,2.04,1.69,1.79
2012-12-12,0.61,0.27,0.26,0.44,0.48,0.36,0.5, ,0.83,0.4,0.81,0.5,1.09,0.71,0.51,0.28,0.54,0.85,0.56,0.95,0.64,0.49,0.51,0.53,1.26,2.41,1.24,0.97
2012-12-13,0.86,0.84,0.60,0.75,1.20,0.26,0.52, ,2.61,0.76,1.33,1.75,2.37,1.67,0.68,0.22,1.65,2.15,0.86,1.78,1.79,2.08,0.9,1.82,2.98,2.72,0.81,1.33
2012-12-14,0.7,0.66,0.36,1.70,1.67,0.19,0.3, ,3.62,0.41,1.41,1.97,2.99,2.73,0.64,0.30,3.31,3.74,0.54,2.26,1.05,1.65,0.59,4.71,4.20,5.50,2.64,1.27
2012-12-15,0.44,0.35,0.23,1.21,1.59,0.24,0.23, ,5.28,0.19,0.90,0.22,0.47,3.13,0.48,0.18,2.29,1.13,0.38,1.21,0.75,1.0,0.39,7.93,3.24,5.43,3.99,0.61
2012-12-16,0.98,0.87,0.83,0.52,2.34,0.24,0.47, ,4.99,0.23,1.27,0.84,1.73,2.29,0.6,0.35,1.95,1.83,0.87,1.52,0.91,1.41,0.72,10.41,4.98,3.60,2.10,1.27
2012-12-17,0.74,0.63,0.44,0.52,2.32,0.42,0.49, ,3.16,0.34,2.09,1.22,1.23,1.65,0.57,0.39,1.50,1.08,1.28,1.05,1.07,1.51,0.49,5.94,3.43,4.92,1.51,1.02
2012-12-18,0.42,0.26,0.17,0.41,0.83,0.41,0.77, ,1.03,0.33, ,0.51,0.36,1.24,0.53,0.20,0.79,0.46,0.33,0.68,0.52,0.47,0.39,1.57,3.43,2.93,1.12,0.59
2012-12-19,0.58,0.45,0.43,0.36,0.81,0.19,0.58, ,0.6,0.31,0.84,0.74,0.30,1.21,0.79,0.47,0.33,0.77,0.55,0.56,0.66,0.44,0.72,0.85,1.99,1.28,0.69,0.53
2012-12-20,0.75,0.32,0.86,0.69,0.68,0.32,0.64, ,1.34,0.5,0.85,0.5,0.86,1.66,0.77,0.41,0.68,1.19,0.99,0.97,0.75,0.52,0.93,0.87,2.01,0.90,1.54,0.90
2012-12-21,0.98,0.73,1.05,0.69,0.68,0.33,0.73, ,0.93,0.61,1.01,0.39,0.75,1.78,0.87,0.40,1.38,1.77,1.48,1.09,1.53,1.41,1.21,0.98,1.68,2.82,0.71,1.18
2012-12-22,0.73,0.28,0.80,0.59,0.75,0.32,0.49, ,0.81,0.42,0.84,0.47,0.76,0.74,0.68,0.32,0.70,1.27,1.00,1.02,0.65,0.44,0.84,0.69,0.95,1.37,1.02,1.07
2012-12-23,0.75,0.61,0.98,0.43,0.76,0.30,0.48, ,1.13,0.42,0.73,0.34,0.75,1.68,0.75,0.37,0.65,1.05,0.88,0.99,0.75,1.17,0.6,1.04,1.69,1.36,1.09,0.81
2012-12-24,1.89,1.77,1.75,1.17,1.67,0.16,0.6, ,2.21,0.52,1.13,1.36,2.00,2.27,2.12,1.43,1.97,2.40,1.90,1.65,2.76,2.92,0.57,3.48,4.44,3.65,1.98,1.07
2012-12-25,2.76,3.25,3.79,2.75,2.65,0.13,0.81, ,3.0,0.75,1.56,3.09,4.08,2.64,2.9,1.03,3.92,5.31,3.88,2.12,4.6,5.76,0.76,7.42,4.00,8.03,5.62,1.97
2012-12-26,3.58,4.71,5.53,2.93,3.98,0.10,1.06, ,2.97,1.35,2.36,3.57,6.62,3.23,2.53,0.90,5.38,6.45,3.52,2.71,3.9,5.17,1.53,6.11,3.30,10.60,7.00,3.83
2012-12-27,0.36, ,,,,,,,,0.51,1.43,3.45,2.60,1.01,0.6,0.26, , , ,3.13,0.48,3.38,0.49, , , , ,
2012-12-28,0.65,0.85,1.00,1.60,2.12,0.24,0.4,0.50,1.37,0.5,1.31,1.18,1.07,1.60,1.04,0.41,2.81,3.00,1.36,1.19,1.26,1.31,1.48,3.15,2.81,3.35,4.26,
2012-12-29,0.45,0.26,0.59,0.34,0.27,0.27,0.3,0.55,0.56,0.29,0.57,0.29,0.64,0.65,0.52,0.14,0.39,1.11,0.58,0.58,0.49,0.3,0.42,0.58,0.64,0.51,2.93,
2012-12-30,0.65,0.57,0.88,0.52,0.69,0.22,0.58,0.46,0.63,0.27,1.11,0.55,1.16,1.68,0.55,0.20,1.40,2.14,0.93,0.67,0.73,0.68,0.56,0.45,1.76,3.01,1.00,
2012-12-31,0.98,0.87,1.26,1.07,0.84,0.32,0.62,0.51,0.78,0.57,1.51,1.08,1.91,1.50,0.85,0.48,1.95,2.37,1.12,1.61,0.68,0.76,1.17,0.90,2.25,3.75,1.68,
