Datum,Beograd Novi Beograd,Beograd Stari grad,Beograd Vracar,Beograd Mostar,Kopaonik,Kamenicki Vis EMEP,Bor Institut RIM,Novi Sad Liman,Uzice,Beograd Panc.most,Kosjeric,Kikinda
2012-01-01,44.85,35.05,8.43,13.5,68.65,72.25,25.41,,3.4,,54.4,16.8625
2012-01-02,28.08,22.33,8.43,7.4,71.68,74.35,12.15,,3.4,,54.3,25.22
2012-01-03,16.13,20.75,8.45,3.4,81.45,81.2,15.56,,3.4,,30.3,49.30625
2012-01-04,13.25,19.78,8.43,3.93,81.28,77.68,16.58,,3.4,56.8,24.4,44.9525
2012-01-05,29.0,31.48,8.45,6.13,70.13,72.13,36.14,,14.8,53.0,35.2,43.04
2012-01-06,32.53,44.63,8.4,19.95,71.38,69.15,35.74,,18.03,52.4,61.0,30.8475
2012-01-07,34.58,40.23,8.43,19.15,59.78,57.18,36.63,,8.78,52.4,55.4,26.5
2012-01-08,27.23,23.48,14.25,3.85,65.3,58.65,28.21,,7.73,52.0,44.9,28.4325
2012-01-09,19.6,24.73,17.63,7.68,58.63,46.5,32.34,,5.58,48.4,48.6,28.2075
2012-01-10,24.9,18.0,11.85,4.83,59.85,46.18,33.27,,5.68,47.2,41.7,18.155
2012-01-11,18.0,21.73,18.73,8.65,57.75,39.5,31.33,,10.18,47.1,45.4,17.36
2012-01-12,27.3,24.35,19.18,6.63,61.33,48.35,24.58,,3.4,45.7,33.4,19.8675
2012-01-13,33.7,13.45,16.23,3.4,86.03,64.0,21.91,,5.7,43.9,30.2,29.89875
2012-01-14,38.93,44.43,29.93,14.55,72.45,64.9,41.92,,21.73,42.3,59.5,32.7025
2012-01-15,39.25,47.63,36.13,21.05,69.33,63.78,41.31,,22.7,42.3,66.6,23.36375
2012-01-16,36.0,37.33,31.25,20.13,66.58,59.1,37.1,,23.43,42.2,64.7,17.71375
2012-01-17,34.8,31.05,24.88,9.18,72.35,65.83,30.01,,13.43,42.0,68.2,29.495
2012-01-18,27.3,26.0,17.28,6.95,67.4,61.83,24.56,,40.68,40.9,54.3,9.52
2012-01-19,35.4,20.05,30.13,6.58,81.95,72.28,18.39,,50.4,40.7,52.2,10.135
2012-01-20,34.78,30.58,20.15,8.03,81.98,71.4,31.64,,0.0,40.7,60.7,14.1575
2012-01-21,41.7,45.98,31.08,15.73,77.1,66.9,37.86,,0.0,40.7,70.1,14.51125
2012-01-22,44.58,43.18,37.98,16.83,80.85,77.8,31.9,,5.4,40.3,35.3,21.9625
2012-01-23,40.2,43.93,38.95,15.6,84.65,78.08,28.41,,3.4,39.9,28.3,21.8825
2012-01-24,30.05,30.35,25.9,8.53,84.3,79.03,17.9,,6.43,39.8,43.6,11.95
2012-01-25,26.55,34.48,25.28,15.0,56.58,55.93,28.46,,10.7,39.8,49.5,16.94125
2012-01-26,29.9,35.93,30.7,20.33,52.93,78.95,35.69,,12.98,39.7,51.6,25.21875
2012-01-27,46.25,31.25,27.23,7.45,76.68,60.18,37.77,,22.33,39.5,66.0,48.04
2012-01-28,65.05,61.35,65.5,32.9,83.4,85.93,55.95,,36.05,39.1,63.0,48.57125
2012-01-29,66.85,77.88,78.0,51.9,84.18,86.35,63.03,,39.03,39.1,84.3,49.16
2012-01-30,70.58,67.05,72.5,38.1,87.38,102.33,51.05,,34.43,38.9,92.6,47.88
2012-01-31,63.5,68.33,65.15,39.58,89.53,96.9,26.65,,30.73,38.6,81.2,43.93625
2012-02-01,63.35,68.18,73.65,39.35,94.8,94.25,44.55,,47.25,38.5,82.8,17.93625
2012-02-02,63.38,71.33,73.3,52.5,88.58,85.5,52.52,,34.75,37.9,83.4,17.39875
2012-02-03,44.58,45.7,52.8,27.45,82.33,77.48,46.43,,30.28,37.9,77.1,22.57875
2012-02-04,44.98,58.33,0.0,19.35,82.8,77.65,34.24,,33.55,37.3,70.7,27.0
2012-02-05,60.45,78.98,0.0,45.93,89.65,71.5,35.44,,35.58,37.0,77.2,26.56
2012-02-06,63.83,79.18,47.93,52.65,87.4,80.65,40.82,,39.95,36.7,89.9,30.88
2012-02-07,46.08,56.45,48.78,24.85,79.85,69.5,42.64,,39.08,36.3,87.2,26.53
2012-02-08,55.8,62.9,62.43,34.33,87.0,,44.6,,36.3,36.3,80.6,26.4175
2012-02-09,52.18,81.23,56.88,,85.73,,29.25,,42.68,36.3,80.0,24.3275
2012-02-10,66.6,73.13,75.08,,89.08,,57.62,,37.2,35.7,98.6,33.46125
2012-02-11,66.33,75.33,79.68,,90.65,,63.98,,34.0,35.6,97.3,32.6
2012-02-12,61.53,67.85,74.95,,86.25,,56.03,,47.65,35.5,89.8,30.94
2012-02-13,68.48,83.28,65.45,,92.28,,44.43,,32.9,35.5,94.0,30.10625
2012-02-14,80.25,87.03,71.28,,101.83,,48.81,,52.93,35.5,95.8,34.21
2012-02-15,67.55,62.03,72.08,,105.65,,41.32,,35.0,35.5,102.6,39.26
2012-02-16,60.18,83.05,60.6,,103.3,,51.95,,25.33,35.4,85.4,32.33375
2012-02-17,65.18,74.28,56.5,,85.8,,,,11.75,35.4,83.9,25.885
2012-02-18,53.33,69.2,42.43,,83.88,,,,21.83,35.0,79.1,25.24
2012-02-19,61.55,50.2,67.28,,103.08,,,,8.93,35.0,84.1,30.15
2012-02-20,44.23,61.5,54.3,,105.53,,41.43,,10.2,34.9,88.2,26.9575
2012-02-21,54.13,38.48,34.8,,99.98,,34.36,,6.9,34.7,74.4,23.82375
2012-02-22,51.63,75.6,36.98,,103.13,,51.71,,18.03,34.6,87.8,32.24
2012-02-23,59.0,60.78,65.73,,102.88,111.48,30.4,,14.4,34.6,97.5,30.0575
2012-02-24,53.5,43.18,42.05,,95.05,111.85,37.15,,7.73,34.5,49.7,44.04875
2012-02-25,47.48,58.0,44.55,9.57,83.23,92.43,38.84,,9.03,34.3,53.9,36.9475
2012-02-26,43.88,59.25,41.48,17.33,86.98,91.45,41.37,,28.18,34.0,54.5,26.76625
2012-02-27,50.33,67.08,55.73,34.83,85.75,87.63,45.57,,26.65,33.4,83.9,24.08375
2012-02-28,54.68,65.28,57.68,30.38,90.48,91.28,47.42,,14.58,33.3,81.8,27.64125
2012-02-29,43.53,56.98,48.03,20.8,88.35,87.35,37.1,,17.55,33.1,54.7,21.5875
2012-03-01,50.03,70.23,62.55,34.2,92.03,94.48,43.31,,6.85,33.1,84.8,47.6775
2012-03-02,34.53,44.3,37.03,11.08,89.83,90.6,34.62,,23.23,33.0,67.3,19.46428571
2012-03-03,56.4,70.78,63.98,40.14,100.3,88.5,36.73,,32.05,32.5,78.5,26.9575
2012-03-04,65.05,78.15,73.73,50.65,107.25,103.55,47.73,,36.1,32.4,77.8,29.44875
2012-03-05,66.65,73.18,69.45,46.58,109.9,106.33,38.77,,44.4,32.4,103.7,31.87
2012-03-06,62.55,75.0,62.58,44.48,107.88,109.4,36.36,,43.03,32.4,105.4,29.88
2012-03-07,57.48,67.68,64.63,46.43,103.08,99.95,43.74,,39.38,32.2,94.0,41.2875
2012-03-08,60.73,69.68,73.98,41.03,109.55,91.33,35.41,,12.95,32.2,92.3,31.175
2012-03-09,47.45,57.0,41.5,18.8,104.08,105.53,22.55,,31.65,32.2,41.6,30.80125
2012-03-10,75.65,85.6,85.5,58.28,88.3,103.73,34.03,,49.2,32.0,95.6,32.1075
2012-03-11,56.75,68.15,55.38,24.38,110.28,110.38,30.1,,31.93,31.9,101.4,25.8
2012-03-12,54.78,70.43,63.53,34.85,91.35,92.15,40.38,,28.63,31.8,87.7,39.41285714
2012-03-13,38.8,52.25,42.1,20.2,95.93,94.3,30.64,,12.0,31.8,84.7,24.48571429
2012-03-14,28.43,33.45,21.05,5.88,85.7,73.08,32.8,,17.13,31.7,61.2,19.67714286
2012-03-15,36.83,58.6,41.98,21.35,81.23,71.25,29.76,61.73,24.7,31.5,72.6,25.41428571
2012-03-16,11.98,62.93,55.15,28.83,97.1,111.68,42.24,86.03,39.83,31.4,73.5,31.34714286
2012-03-17,74.75,88.73,91.95,48.73,120.98,125.25,29.84,121.2,59.93,31.4,101.8,36.92714286
2012-03-18,79.95,87.28,96.8,45.83,117.1,112.83,31.78,116.63,43.85,31.4,106.4,38.01285714
2012-03-19,70.08,90.2,82.4,39.38,116.85,114.85,34.69,90.55,34.98,31.3,103.6,33.93428571
2012-03-20,62.73,81.05,70.03,40.18,111.3,122.55,34.62,73.55,38.98,31.2,101.2,29.19285714
2012-03-21,67.93,87.68,85.05,53.45,118.8,121.55,39.23,89.88,37.23,31.2,111.7,30.59
2012-03-22,73.23,89.0,83.68,54.03,121.75,120.05,42.29,92.43,31.95,30.9,104.8,31.5175
2012-03-23,77.43,96.03,83.28,60.98,116.5,122.15,34.19,108.95,48.6,30.7,104.9,34.6325
2012-03-24,80.43,98.45,88.25,57.45,124.53,132.35,33.7,111.15,61.7,30.6,110.2,32.5775
2012-03-25,73.08,100.43,85.3,57.08,120.9,128.68,38.48,99.05,41.8,30.6,119.3,35.7625
2012-03-26,56.47,77.13,70.33,47.85,116.55,117.08,49.98,73.88,52.53,30.6,99.5,32.645
2012-03-27,63.58,85.9,69.18,49.6,114.3,106.6,42.42,83.98,64.25,30.6,109.4,34.23
2012-03-28,60.73,87.05,72.3,51.33,113.23,106.8,47.85,84.55,38.93,30.3,105.6,32.07
2012-03-29,61.75,83.43,64.73,37.98,108.3,109.53,46.94,81.78,20.45,30.3,100.2,38.59625
2012-03-30,56.95,76.58,69.1,41.08,108.48,102.4,41.19,69.33,68.35,30.2,77.8,35.34
2012-03-31,60.9,71.55,65.775,27.375,117.075,,36.38645833,81.925,64.7,30.2,93.5,28.97
2012-04-01,53.35,67.95,60.75,33.525,124.625,,41.9,67.1,40.3,30.2,86.8,33.06625
2012-04-02,67.45,75.925,76.225,40.675,110.2,,33.11041667,94.675,33.575,30.2,96.6,32.775
2012-04-03,76.1,82.775,88.875,35.75,116.8,109.5,30.70729167,108.85,37.225,30.2,96.3,36.0875
2012-04-04,67.075,73.675,71.525,28.05,114.2,106.35,27.24166667,91.525,27.125,29.9,89.0,29.4325
2012-04-05,67.75,64.525,65.85,26.975,99.65,96.975,34.52083333,87.2,9.0,29.9,83.2,27.15125
2012-04-06,43.85,42.725,48.875,16.275,91.875,85.95,34.86041667,59.75,12.15,29.9,83.4,24.78
2012-04-07,73.63,71.65,73.95,33.88,105.35,102.25,46.09,73.98,50.98,29.7,69.9,25.42125
2012-04-08,64.8,83.98,72.9,50.48,98.58,93.75,53.47,80.0,57.73,29.7,109.1,33.81714286
2012-04-09,56.8,76.43,67.95,45.03,94.28,89.68,54.32,73.55,44.18,29.7,107.5,32.97
2012-04-10,76.3,84.98,85.35,54.55,112.23,110.18,53.81,94.0,53.65,29.7,97.5,32.72
2012-04-11,82.35,84.18,85.48,44.13,114.75,107.45,36.61,108.88,47.35,29.2,104.9,31.94857143
2012-04-12,74.5,86.58,81.35,38.6,111.18,105.88,29.59,97.95,35.78,29.1,106.6,32.3
2012-04-13,81.48,88.7,90.08,50.7,118.45,110.4,30.24,100.78,8.08,29.1,106.2,32.48285714
2012-04-14,53.95,65.1,59.05,28.83,103.48,99.05,42.26,73.85,11.55,29.1,79.8,25.59
2012-04-15,46.88,44.68,43.48,15.23,105.45,96.38,32.38,76.85,19.25,29.1,64.3,24.80428571
2012-04-16,64.43,77.3,76.53,39.25,110.18,101.55,50.21,90.33,12.58,29.1,83.2,26.53
2012-04-17,32.4,31.73,34.13,13.0,115.78,98.85,38.76,49.35,12.68,29.0,64.9,23.55857143
2012-04-18,34.35,37.7,34.9,17.15,96.08,55.5,26.06,43.98,23.25,28.8,48.9,23.50285714
2012-04-19,52.98,58.33,56.55,23.78,105.85,99.83,44.86,75.5,31.6,28.8,90.9,34.70875
2012-04-20,64.3,64.38,70.98,26.63,111.1,94.08,49.97,99.88,39.4,28.6,99.8,37.45875
2012-04-21,78.63,97.13,84.2,40.58,110.45,104.18,44.4,99.2,68.85,28.5,101.5,38.98125
2012-04-22,79.65,92.48,89.98,49.98,112.45,109.58,51.56,101.48,46.3,28.5,109.0,37.5825
2012-04-23,64.98,67.83,70.95,32.5,107.18,107.2,48.54,59.95,51.9,28.3,93.8,31.05625
2012-04-24,71.28,63.58,71.35,26.28,103.5,99.25,48.72,90.53,31.18,28.3,94.4,34.8925
2012-04-25,58.98,64.6,74.25,39.88,123.55,106.7,41.95,75.8,38.8,28.3,104.1,34.99
2012-04-26,83.68,98.0,92.5,60.63,115.55,105.88,50.94,114.18,51.68,28.2,92.6,41.57875
2012-04-27,84.3,89.88,94.88,44.03,118.65,120.43,40.46,119.65,70.05,28.2,110.3,42.10625
2012-04-28,94.7,105.93,109.45,61.4,128.03,133.53,42.84,125.53,72.7,28.2,122.4,42.3075
2012-04-29,94.6,109.68,109.63,65.18,129.58,132.85,50.61,124.65,51.7,28.2,122.9,45.51875
2012-04-30,93.28,103.05,110.03,58.15,127.58,124.38,49.94,133.18,64.3,28.0,127.8,45.2125
2012-05-01,95.08,115.58,118.33,74.85,130.88,123.58,45.95,139.9,57.95,28.0,122.0,42.08857143
2012-05-02,99.13,116.28,114.08,63.88,121.83,119.5,44.58,131.25,35.18,27.9,116.4,45.12
2012-05-03,106.9,124.93,117.33,63.25,125.65,124.13,51.1,135.3,50.53,27.9,107.0,43.80714286
2012-05-04,83.65,105.73,95.6,43.5,113.78,120.1,42.56,106.75,63.4,27.9,115.5,37.90142857
2012-05-05,95.45,115.25,106.03,57.83,125.3,128.5,41.19,122.13,68.4,27.8,120.3,40.07285714
2012-05-06,98.18,116.25,112.38,73.74,123.73,128.23,59.27,117.83,39.83,27.5,119.1,39.19714286
2012-05-07,68.4,80.15,77.88,32.23,110.08,119.4,38.5,89.38,35.88,27.5,97.7,31.8975
2012-05-08,74.3,91.2,85.2,46.15,100.38,108.23,44.21,94.35,57.45,27.5,88.9,22.28
2012-05-09,86.73,95.0,93.23,56.28,107.25,111.88,51.25,115.68,58.55,27.5,114.8,43.18125
2012-05-10,92.78,111.3,103.55,66.1,116.55,106.65,38.52,116.85,51.8,27.4,123.6,32.03285714
2012-05-11,90.4,107.4,101.0,60.23,111.13,112.25,40.11,124.1,61.75,27.4,113.1,32.89625
2012-05-12,115.73,134.05,131.03,87.93,114.25,116.38,42.8,138.68,45.3,27.3,123.5,37.17625
2012-05-13,48.78,69.63,60.38,32.53,116.73,117.2,43.15,77.1,27.15,27.3,83.9,27.64714286
2012-05-14,51.28,56.83,54.85,26.53,107.15,76.6,38.82,54.63,13.4,27.3,64.4,20.99142857
2012-05-15,35.35,42.9,41.15,20.9,80.83,41.03,28.69,47.53,15.7,27.0,38.6,16.53571429
2012-05-16,61.33,68.4,57.95,22.53,94.8,78.38,32.77,89.38,16.95,26.9,67.8,28.85125
2012-05-17,56.78,61.58,60.13,31.23,97.38,78.85,48.09,75.7,39.65,26.9,75.9,26.7725
2012-05-18,77.18,93.25,87.55,56.2,96.53,74.75,41.7,103.1,41.7,26.8,99.4,27.99
2012-05-19,81.18,34.03,93.38,59.13,106.98,93.33,32.29,101.75,58.9,26.8,101.1,28.05875
2012-05-20,95.93,3.4,111.83,62.7,100.43,112.38,37.37,124.2,18.93,26.7,115.7,30.2425
2012-05-21,71.1,3.4,80.5,35.88,111.65,110.93,39.51,94.95,26.98,26.7,74.2,28.55875
2012-05-22,69.7,3.4,82.35,43.95,108.15,100.87,53.21,84.0,28.4,26.7,86.9,24.1125
2012-05-23,47.53,40.05,46.9,11.78,101.08,79.8,62.56,57.83,13.63,26.5,66.9,24.17875
2012-05-24,55.95,59.83,53.9,20.88,110.78,71.85,35.23,89.15,19.25,26.4,87.8,28.24875
2012-05-25,46.95,37.48,32.63,13.0,91.5,68.7,29.48,75.45,12.03,26.4,70.8,26.8275
2012-05-26,88.45,98.08,93.43,48.98,90.55,79.33,37.22,93.25,46.75,26.3,98.4,23.33714286
2012-05-27,62.65,68.2,63.8,19.68,91.78,81.68,43.59,99.7,50.58,26.2,100.0,30.54571429
2012-05-28,77.55,85.2,62.6,33.65,115.6,114.5,45.35,101.3,33.03,26.2,111.0,30.38142857
2012-05-29,80.7,81.73,71.48,27.29,121.15,113.4,60.53,95.43,38.8,26.2,96.6,26.7925
2012-05-30,90.75,95.8,80.05,40.75,107.15,115.98,55.99,107.4,37.45,26.1,115.2,29.46142857
2012-05-31,109.7,115.88,112.08,59.23,117.18,121.85,65.4,119.13,32.98,26.0,83.7,31.41714286
2012-06-01,83.63,91.68,76.4,35.53,113.93,119.2,56.91,95.9,34.48,26.0,94.8,28.39142857
2012-06-02,79.4,70.83,74.18,33.43,122.4,111.65,56.05,93.0,57.88,26.0,87.8,25.78857143
2012-06-03,103.3,103.05,103.48,53.88,120.98,117.15,40.29,112.13,60.48,25.9,100.8,29.20428571
2012-06-04,115.58,109.55,107.85,65.68,126.85,122.05,44.45,124.6,46.68,25.9,106.1,30.25285714
2012-06-05,83.3,75.53,73.58,36.4,123.15,115.35,51.32,85.4,43.0,25.8,73.8,25.35142857
2012-06-06,76.03,84.65,75.3,41.73,116.08,100.83,55.55,92.88,42.2,25.7,96.1,27.86375
2012-06-07,108.29,103.2,98.73,54.15,116.53,109.6,51.25,111.13,40.35,25.7,107.2,31.4475
2012-06-08,115.28,104.04,103.68,44.1,110.95,111.1,40.91,103.38,21.6,25.3,102.0,30.46625
2012-06-09,148.5,125.95,110.0,71.4,113.08,111.45,44.57,135.83,31.75,25.3,84.9,30.6775
2012-06-10,96.13,105.33,98.08,53.38,99.13,96.3,47.18,100.33,21.78,25.2,78.6,24.93857143
2012-06-11,83.08,86.2,73.85,41.58,101.98,109.2,52.38,85.63,39.65,25.2,83.4,24.605
2012-06-12,89.68,73.9,78.8,42.48,112.15,111.35,51.78,88.7,25.58,25.0,86.9,26.18
2012-06-13,89.23,91.3,84.18,56.95,104.43,110.85,68.65,100.08,37.35,25.0,95.5,26.225
2012-06-14,102.5,105.08,98.53,61.63,98.98,115.18,80.38,92.2,46.78,24.7,108.4,28.02
2012-06-15,109.43,110.45,102.03,78.53,104.45,119.0,71.27,122.68,70.58,24.7,111.1,33.385
2012-06-16,125.15,113.13,113.68,84.35,116.35,117.03,70.76,122.35,59.95,24.6,125.6,32.36
2012-06-17,114.5,107.45,106.03,76.55,111.15,111.65,65.0,120.73,49.03,24.6,109.9,32.59
2012-06-18,105.83,94.1,95.43,60.4,114.58,112.83,61.82,115.8,42.43,24.4,104.7,29.9075
2012-06-19,106.8,96.4,97.8,63.6,107.43,110.38,57.93,113.88,43.5,24.4,102.0,31.825
2012-06-20,112.13,96.05,99.78,59.53,106.0,109.3,53.23,122.83,43.63,23.9,101.1,30.622
2012-06-21,116.53,101.83,104.75,65.2,121.45,120.7,58.16,142.65,35.9,23.7,113.6,32.63714286
2012-06-22,113.0,120.33,104.13,78.9,121.3,122.53,64.57,107.85,49.6,23.7,124.0,28.51375
2012-06-23,98.68,101.33,94.88,60.08,108.38,125.35,84.06,104.2,68.43,23.7,133.0,33.37571429
2012-06-24,113.25,111.43,106.43,0.0,115.8,112.1,77.35,116.4,44.48,23.6,129.1,34.65
2012-06-25,117.8,111.35,107.8,0.0,122.73,119.18,68.05,130.65,36.93,23.5,107.0,30.79
2012-06-26,93.1,99.9,85.95,0.0,102.3,110.55,72.35,98.33,54.35,23.3,108.6,32.72428571
2012-06-27,103.38,113.38,101.23,0.0,118.53,130.4,89.47,112.9,50.23,23.3,128.0,34.59714286
2012-06-28,139.31,135.74,131.72,0.0,119.08,134.63,81.34,120.98,37.45,23.3,123.6,34.99857143
2012-06-29,123.6,113.63,122.93,3.4,105.2,135.65,72.13,129.65,42.9,23.3,102.7,37.67
2012-06-30,122.95,113.88,117.1,85.43,101.03,115.65,58.39,136.3,50.83,23.2,111.6,33.765
2012-07-01,127.03,121.7,121.88,88.2,107.53,117.55,66.83,126.83,52.15,23.2,117.0,35.16
2012-07-02,112.33,100.48,103.8,60.63,110.83,113.1,61.84,122.35,56.4,23.2,115.5,31.9925
2012-07-03,124.3,107.69,113.43,86.2,123.93,122.38,74.9,130.98,48.63,23.0,120.5,35.07125
2012-07-04,141.28,130.78,132.58,105.78,132.45,137.48,81.32,145.45,47.97,22.8,133.8,40.55125
2012-07-05,188.85,161.23,154.23,116.68,129.35,145.08,75.84,145.5,39.13,22.8,116.7,39.72375
2012-07-06,143.38,131.6,131.4,78.68,136.1,124.25,73.28,143.43,62.38,22.7,121.2,43.4025
2012-07-07,150.75,160.28,157.75,103.25,138.18,133.33,69.32,138.28,73.7,22.7,143.4,54.32375
2012-07-08,166.33,169.98,175.25,107.98,153.38,147.85,68.86,131.03,67.0,22.6,155.5,48.71625
2012-07-09,125.05,124.88,127.3,75.4,145.63,142.75,64.52,129.68,58.3,22.2,143.7,46.25875
2012-07-10,131.45,133.28,125.98,87.63,139.75,138.13,78.35,128.7,50.15,22.2,152.1,47.9725
2012-07-11,200.08,188.45,193.85,143.65,131.55,143.9,75.1,153.05,55.7,21.8,122.5,43.21125
2012-07-12,136.33,125.03,132.2,70.53,139.38,133.75,66.86,113.2,43.23,21.8,134.3,42.48125
2012-07-13,134.1,121.7,124.85,79.33,138.38,128.65,81.93,137.18,55.28,21.8,133.7,43.82375
2012-07-14,142.08,135.33,137.03,90.18,135.55,146.2,68.02,126.83,57.58,21.7,128.1,45.92625
2012-07-15,118.03,99.95,114.3,60.25,134.1,131.1,73.31,96.43,29.38,21.7,125.1,36.25
2012-07-16,76.73,85.2,84.15,53.08,135.73,112.55,83.49,81.6,51.13,21.6,89.7,35.59
2012-07-17,91.9,96.48,92.55,69.55,115.93,118.0,83.95,87.68,40.78,21.6,107.3,36.80714286
2012-07-18,79.85,85.65,80.18,26.9,114.63,113.78,77.77,78.5,44.63,21.6,104.8,37.1325
2012-07-19,116.75,103.63,110.58,0.0,113.65,121.73,68.67,118.13,60.5,21.6,108.7,37.84
2012-07-20,158.1,144.3,146.78,119.87,123.4,133.2,72.87,130.6,66.8,21.5,131.9,46.78714286
2012-07-21,106.23,111.5,107.15,66.83,0.0,140.13,71.64,100.6,34.63,21.5,146.6,40.28285714
2012-07-22,82.43,87.35,91.93,54.6,0.0,128.88,81.78,79.55,34.35,21.4,100.6,34.2725
2012-07-23,94.6,94.53,94.93,49.1,0.0,95.78,85.64,91.95,19.48,21.4,116.0,38.02142857
2012-07-24,99.2,90.5,87.33,37.78,0.0,92.55,80.39,104.9,19.63,21.4,105.2,33.33142857
2012-07-25,85.7,76.53,67.65,28.85,0.0,99.75,83.22,105.4,19.58,21.3,96.8,30.2925
2012-07-26,84.1,96.45,84.58,42.95,99.23,106.93,63.76,83.63,23.53,21.3,97.2,33.6075
2012-07-27,111.03,115.73,98.73,60.8,99.05,110.65,77.81,111.55,50.1,21.2,95.8,34.34125
2012-07-28,165.38,148.03,115.6,114.65,120.3,147.6,79.45,159.8,46.0,21.2,135.8,39.13375
2012-07-29,138.28,130.73,127.4,84.18,112.83,147.08,75.68,138.48,58.28,21.1,109.1,38.295
2012-07-30,107.5,118.45,109.23,57.0,119.28,126.45,79.0,107.78,51.78,21.0,142.0,40.3075
2012-07-31,106.25,114.63,102.63,66.0,117.13,132.13,82.88,116.35,57.15,20.6,147.5,37.98125
2012-08-01,103.48,111.7,98.25,73.78,117.0,108.33,49.09,112.25,54.13,20.5,133.1,37.04375
2012-08-02,129.55,126.1,122.2,90.65,115.18,134.25,53.64,117.28,51.23,20.4,105.3,36.86625
2012-08-03,143.63,134.8,120.08,96.55,116.33,153.78,63.38,139.03,72.0,20.3,115.0,35.36875
2012-08-04,140.53,143.3,119.3,100.78,131.6,156.95,67.67,148.55,60.0,20.2,136.5,42.73875
2012-08-05,141.05,128.13,124.98,91.7,129.53,137.4,67.39,131.08,61.95,20.1,120.7,40.17
2012-08-06,172.68,170.08,158.05,128.33,119.15,139.18,67.24,134.68,70.93,20.1,117.5,38.68
2012-08-07,120.6,106.18,102.95,44.13,117.2,129.7,59.58,127.18,68.28,20.0,129.4,35.44125
2012-08-08,102.55,99.4,90.25,0.0,112.9,122.7,86.14,101.63,70.23,20.0,134.7,35.815
2012-08-09,102.7,107.23,97.2,80.4,118.78,125.65,86.67,104.43,47.38,20.0,135.0,36.98857143
2012-08-10,103.68,105.25,97.83,78.4,121.15,111.48,91.82,107.53,56.4,19.7,124.7,39.56
2012-08-11,95.85,102.53,94.6,80.08,118.58,0.0,90.76,95.6,53.93,19.5,112.6,33.72
2012-08-12,78.13,83.75,77.4,58.5,106.48,98.98,71.69,83.65,37.6,19.5,96.4,30.13714286
2012-08-13,98.0,102.98,95.43,73.85,95.68,117.98,72.82,94.38,38.53,19.5,95.4,31.59142857
2012-08-14,99.98,106.25,98.33,78.63,113.88,125.93,70.4,100.93,37.05,19.5,117.6,36.60142857
2012-08-15,120.23,117.1,109.0,91.55,118.28,136.85,73.89,118.88,47.98,19.5,123.0,39.26714286
2012-08-16,133.9,131.98,120.33,94.8,136.13,136.48,72.01,126.68,47.4,19.4,149.8,42.06
2012-08-17,117.7,121.05,109.93,90.88,137.75,132.03,87.06,128.9,45.8,19.4,152.9,33.414
2012-08-18,106.3,108.4,96.45,73.38,130.58,125.25,89.39,108.55,51.13,19.4,134.5,39.055
2012-08-19,101.6,100.48,84.53,75.73,120.53,136.25,82.61,101.93,32.2,19.4,130.6,36.74625
2012-08-20,114.65,111.45,98.1,87.03,120.93,134.6,77.18,107.58,32.98,19.3,118.3,37.71125
2012-08-21,152.03,139.15,123.55,102.75,117.23,134.68,56.01,131.48,36.95,19.3,124.7,37.86714286
2012-08-22,169.43,157.0,150.8,120.85,129.73,133.45,58.88,169.17,32.15,19.2,130.9,41.795
2012-08-23,119.5,119.68,110.93,57.98,143.38,154.05,63.77,130.0,32.58,18.9,133.4,46.33333333
2012-08-24,21.95,159.95,141.6,104.6,146.33,163.98,68.65,144.85,45.78,18.8,127.5,33.975
2012-08-25,0.0,143.85,136.9,105.48,150.45,162.18,61.07,139.5,52.93,18.8,134.0,29.64625
2012-08-26,0.0,130.05,121.4,81.03,160.33,174.15,69.23,114.8,26.83,18.8,149.0,29.3875
2012-08-27,0.0,90.2,82.53,53.15,134.73,139.35,63.22,81.93,21.75,18.1,99.7,21.32125
2012-08-28,89.23,97.95,86.9,66.58,104.58,122.83,71.42,97.6,43.6,18.0,107.1,24.2825
2012-08-29,118.73,113.38,106.0,87.15,123.43,135.1,68.28,117.0,32.4,17.8,140.5,29.03
2012-08-30,128.75,122.23,106.8,96.78,125.8,150.63,64.37,137.75,34.45,17.8,130.8,30.38625
2012-08-31,138.55,115.18,115.4,74.53,174.53,153.3,66.76,146.5,61.48,17.8,132.4,31.47428571
2012-09-01,116.05,106.38,106.08,75.4,162.65,138.7,80.49,116.75,47.75,17.7,155.4,27.69428571
2012-09-02,117.28,106.95,100.93,70.83,137.5,129.5,69.83,121.65,35.43,17.7,130.7,28.22571429
2012-09-03,118.1,102.88,100.4,72.58,126.8,127.8,63.82,123.4,32.85,17.7,118.5,30.29857143
2012-09-04,123.6,113.53,106.03,85.0,134.3,131.78,62.98,125.68,29.03,17.6,133.5,31.99857143
2012-09-05,111.85,109.9,101.78,68.9,135.78,146.15,58.37,87.93,10.95,17.2,119.6,27.42857143
2012-09-06,72.9,82.53,64.83,34.03,129.53,144.55,41.96,73.2,27.8,17.2,117.8,21.24625
2012-09-07,84.53,90.95,78.55,57.55,114.63,113.33,71.88,87.7,32.88,16.9,106.0,22.12125
2012-09-08,98.73,102.93,89.38,71.75,111.25,124.13,85.19,100.23,44.93,16.8,111.4,21.595
2012-09-09,95.65,98.38,87.33,64.0,106.88,121.48,63.17,96.45,30.45,16.6,117.2,21.84375
2012-09-10,101.98,84.83,83.75,53.35,114.85,126.93,53.83,110.68,35.73,16.6,104.4,23.805
2012-09-11,97.28,82.85,82.2,56.98,113.03,126.38,65.27,108.23,27.48,16.5,117.0,23.67
2012-09-12,109.58,94.65,91.48,64.5,117.63,119.4,60.32,108.45,14.33,16.3,105.1,24.46
2012-09-13,101.33,90.23,88.2,49.08,127.1,128.58,57.11,89.38,3.4,16.2,78.0,21.99625
2012-09-14,31.73,32.08,22.23,7.35,116.33,113.35,63.73,31.85,4.55,16.2,30.4,16.87875
2012-09-15,48.45,41.78,32.0,9.25,85.2,83.53,26.85,70.7,16.2,16.0,49.5,21.495
2012-09-16,74.05,73.33,67.68,33.38,85.48,62.3,53.95,78.85,9.03,15.9,85.6,18.32375
2012-09-17,79.2,61.18,65.63,25.15,86.68,84.15,52.08,80.55,6.3,15.6,71.6,19.615
2012-09-18,97.45,78.88,79.03,38.68,91.95,104.9,58.63,104.15,11.78,15.6,84.4,22.695
2012-09-19,101.4,82.35,84.43,47.93,110.1,102.9,41.46,116.63,6.35,15.3,93.9,23.28625
2012-09-20,54.45,43.0,44.23,19.4,100.33,100.2,26.6,72.23,16.28,15.3,62.9,15.5675
2012-09-21,59.08,67.25,56.43,30.9,85.9,86.28,53.28,68.83,18.15,15.1,79.6,18.89
2012-09-22,99.05,80.0,79.1,52.43,101.33,114.2,58.65,94.95,23.8,14.9,79.7,22.47142857
2012-09-23,99.85,98.63,87.28,55.65,107.0,128.45,48.5,90.75,15.9,14.9,89.8,24.09142857
2012-09-24,95.88,73.4,77.4,40.65,105.9,126.33,43.29,106.73,19.7,14.8,77.9,26.94142857
2012-09-25,96.5,91.63,85.53,55.3,101.73,116.9,37.57,87.25,14.18,14.8,97.8,20.62142857
2012-09-26,92.4,72.55,74.33,29.05,102.75,120.88,37.5,106.95,15.0,14.7,78.7,24.31571429
2012-09-27,79.15,48.33,55.4,19.9,82.3,107.58,37.41,83.63,19.5,14.7,75.8,20.76142857
2012-09-28,78.73,80.1,69.13,36.9,87.05,126.0,39.49,79.53,7.28,14.4,90.7,14.22714286
2012-09-29,72.55,57.28,37.25,27.65,90.43,119.5,38.97,101.58,20.35,14.2,78.4,23.35714286
2012-09-30,106.75,118.1,0.0,75.4,101.53,117.15,40.93,75.83,14.78,14.2,110.9,19.76285714
2012-10-01,84.93,79.43,0.0,29.1,103.05,130.93,38.47,64.1,11.63,14.1,74.2,23.48857143
2012-10-02,86.58,73.88,0.0,29.3,100.33,113.7,60.03,75.68,10.3,14.1,72.0,19.555
2012-10-03,59.85,67.8,0.0,23.25,84.25,92.15,44.49,0.0,11.85,13.9,76.4,16.8525
2012-10-04,88.98,85.55,96.2,47.8,88.15,114.93,62.35,94.8,11.6,13.7,81.2,23.63625
2012-10-05,79.73,89.73,76.73,51.08,100.78,119.2,48.21,89.85,16.13,13.7,72.9,18.27125
2012-10-06,99.3,100.08,93.03,57.1,107.65,119.83,41.49,125.83,27.6,13.5,82.7,27.19875
2012-10-07,87.5,72.23,67.58,19.68,101.4,115.48,41.7,87.15,20.78,13.5,76.2,40.00625
2012-10-08,53.55,63.63,45.98,25.6,93.08,105.8,50.78,59.85,11.43,13.4,80.9,27.98375
2012-10-09,80.18,61.73,69.03,42.0,102.75,100.98,36.65,87.2,42.2,13.2,68.8,39.01875
2012-10-10,63.15,70.13,60.45,33.83,113.18,128.08,40.73,56.68,16.65,13.1,99.3,32.17375
2012-10-11,55.2,36.95,26.33,12.65,106.55,126.9,32.34,66.95,7.88,13.1,48.0,30.115
2012-10-12,41.0,43.4,49.08,11.18,108.0,91.85,32.26,56.0,3.4,12.9,40.7,34.52625
2012-10-13,0.0,33.63,33.93,4.58,77.58,80.78,29.24,43.7,3.4,12.8,39.3,26.56
2012-10-14,0.0,32.2,31.55,4.93,78.05,72.8,28.58,40.35,3.4,12.6,50.5,19.74875
2012-10-15,0.0,21.38,33.93,4.23,79.5,78.8,26.64,49.55,3.4,12.5,36.5,19.96125
2012-10-16,0.0,42.93,39.45,10.35,79.8,79.1,21.74,51.08,4.53,12.1,41.3,17.86428571
2012-10-17,0.0,52.75,50.05,18.75,91.93,95.95,30.53,73.3,3.4,11.8,48.6,25.56428571
2012-10-18,0.0,49.35,59.03,15.3,91.18,96.98,,74.93,3.4,11.8,39.3,16.8225
2012-10-19,80.34,57.53,74.45,26.2,91.75,111.6,,47.13,4.85,11.7,38.8,0.0
2012-10-20,86.73,72.9,89.58,31.08,92.7,111.6,,92.08,9.98,11.5,46.6,0.0
2012-10-21,75.68,69.6,74.55,37.7,97.28,104.78,,80.23,5.28,11.3,48.1,0.0
2012-10-22,68.3,63.05,62.05,32.48,97.7,83.38,,68.68,5.18,11.1,52.5,0.0
2012-10-23,54.0,54.05,41.33,17.33,92.13,105.1,,75.53,4.1,11.1,70.2,0.0
2012-10-24,22.53,15.65,10.58,3.4,96.43,100.45,,33.15,3.4,11.0,58.8,29.37
2012-10-25,45.1,30.03,27.1,8.33,96.75,121.48,,40.7,3.88,10.9,38.4,24.4625
2012-10-26,34.88,27.15,36.43,3.4,94.45,113.73,,58.03,9.63,10.3,37.9,33.3975
2012-10-27,67.6,54.0,56.35,0.0,88.03,99.28,,70.6,4.75,9.9,69.2,27.92625
2012-10-28,56.9,36.33,48.78,0.0,80.03,65.15,,32.6,3.4,9.9,53.0,18.33
2012-10-29,26.33,29.65,22.33,7.2,80.18,35.0,,27.35,3.83,9.9,20.4,18.875
2012-10-30,47.05,43.28,36.25,14.88,76.55,41.78,,51.2,3.4,9.6,53.0,25.495
2012-10-31,31.0,23.55,34.28,8.4,83.1,73.03,,49.48,3.4,9.0,15.4,20.6325
2012-11-01,51.83,47.7,46.63,24.7,77.48,66.2,,50.75,3.4,8.8,31.3,28.21375
2012-11-02,38.23,22.2,24.75,4.43,81.33,83.18,,63.1,3.4,8.8,45.3,25.54
2012-11-03,42.83,25.13,33.88,6.83,87.43,92.0,,60.28,3.4,8.7,21.1,20.97625
2012-11-04,49.73,30.53,49.05,11.4,85.83,90.03,,67.98,3.4,8.6,31.9,26.62625
2012-11-05,59.28,46.65,49.43,16.28,81.93,81.23,,58.78,3.4,8.6,41.1,25.315
2012-11-06,48.38,45.75,42.15,14.63,78.83,84.95,,61.6,3.4,8.5,47.6,28.78125
2012-11-07,38.08,49.53,40.73,21.83,72.13,74.85,,49.05,3.4,8.5,51.8,25.09
2012-11-08,56.65,44.28,43.45,13.0,72.03,67.98,,55.05,3.4,8.4,32.7,22.6525
2012-11-09,23.23,30.0,19.05,5.35,76.93,66.95,,36.88,3.4,8.3,28.1,19.33
2012-11-10,60.3,47.53,50.98,18.13,95.98,79.58,,58.95,3.4,8.3,33.1,20.96375
2012-11-11,66.6,47.6,62.3,37.73,100.25,80.73,,63.23,3.4,7.9,44.3,26.58285714
2012-11-12,58.95,,54.2,29.63,67.4,86.95,,45.0,3.4,7.7,38.7,23.79875
2012-11-13,7.85,,12.48,5.23,67.43,83.25,,15.1,3.4,7.6,17.4,20.74625
2012-11-14,36.78,,33.1,14.58,65.13,34.23,,39.35,3.4,7.0,55.4,22.685
2012-11-15,44.0,,41.85,16.93,58.6,38.48,,47.5,3.4,7.0,39.2,21.8575
2012-11-16,29.45,,29.2,10.5,71.88,50.73,,32.85,3.4,7.0,19.5,23.97285714
2012-11-17,40.03,,35.63,3.4,72.75,53.55,,41.48,3.4,6.9,26.7,18.43
2012-11-18,42.75,,39.03,0.0,76.63,52.43,,43.65,3.4,6.8,17.4,21.44428571
2012-11-19,40.7,,39.4,13.37,74.58,46.75,30.85,48.7,3.4,6.8,15.6,22.71857143
2012-11-20,44.58,,40.35,20.68,74.2,46.78,25.06,43.1,3.4,6.3,27.4,19.47142857
2012-11-21,30.73,,29.83,17.5,76.2,33.8,25.77,28.9,3.4,6.3,19.7,12.62875
2012-11-22,26.43,,22.88,9.1,86.1,32.9,24.62,31.13,3.4,6.2,22.6,16.6375
2012-11-23,15.4,,18.05,6.35,78.83,36.75,20.78,19.88,3.4,4.9,18.3,17.6275
2012-11-24,8.98,,5.85,4.85,71.25,54.25,10.25,13.35,3.4,4.6,23.9,16.1675
2012-11-25,11.78,,10.95,4.85,79.45,71.75,11.44,16.95,3.4,4.4,21.9,16.82625
2012-11-26,5.7,,9.65,3.4,82.13,74.38,18.95,41.88,3.4,4.4,21.3,15.925
2012-11-27,20.2,,26.98,3.4,90.28,80.03,8.8,59.88,3.4,4.3,24.9,19.46375
2012-11-28,45.9,,34.38,8.18,90.48,75.6,6.18,51.1,6.05,4.1,43.0,20.745
2012-11-29,72.38,,55.1,23.78,72.8,79.25,9.46,68.65,4.03,4.0,67.0,21.68428571
2012-11-30,72.88,,62.88,30.18,,86.08,15.09,75.55,3.4,3.4,61.0,21.87714286
2012-12-01,9.88,,3.88,3.4,,87.28,10.66,16.5,3.4,3.4,12.3,11.31375
2012-12-02,17.1,,14.28,3.4,,67.3,6.98,11.83,3.4,3.4,16.8,9.80875
2012-12-03,29.78,,16.48,10.55,,66.68,13.19,30.23,6.05,14.6,46.3,9.69125
2012-12-04,38.83,,29.73,9.08,,70.38,27.3,46.25,3.4,17.4,44.3,9.82875
2012-12-05,41.0,,33.0,10.48,,70.95,23.33,23.6,3.4,3.7,37.8,8.65375
2012-12-06,20.38,,22.68,11.13,,50.93,28.88,26.93,3.83,6.3,31.4,10.44625
2012-12-07,29.8,,22.93,11.9,,51.08,27.27,37.48,3.4,3.7,43.2,12.13428571
2012-12-08,34.45,,34.58,18.08,,60.98,19.44,38.18,11.38,4.8,34.9,12.92875
2012-12-09,42.55,,33.98,13.25,,60.73,29.17,46.88,8.2,8.4,54.4,16.99857143
2012-12-10,37.15,,29.2,8.2,,85.18,31.26,51.1,3.4,15.1,45.6,27.03142857
2012-12-11,43.75,,28.78,10.58,,84.28,17.19,53.48,6.78,,64.4,22.885
2012-12-12,43.55,,29.38,12.3,,70.75,30.05,44.48,9.75,,55.2,17.2425
2012-12-13,52.33,,45.0,12.8,,81.75,29.82,65.85,3.4,,50.6,29.61142857
2012-12-14,69.03,,63.35,20.4,,88.0,15.25,68.15,3.4,,54.1,27.65142857
2012-12-15,71.95,,67.08,40.68,,87.73,26.77,69.63,3.4,,38.1,29.38
2012-12-16,61.73,,51.85,13.45,,81.55,32.46,56.18,3.4,,82.7,27.07571429
2012-12-17,47.55,,40.58,12.33,,77.7,26.34,50.6,3.4,,3.4,15.53142857
2012-12-18,54.93,,44.53,27.13,,72.18,20.47,48.78,3.4,,5.0,13.21142857
2012-12-19,37.2,,39.03,15.48,,59.83,23.83,19.4,3.4,,46.1,7.80875
2012-12-20,17.85,,17.5,3.85,,56.2,18.51,25.1,3.4,,24.0,10.7
2012-12-21,16.75,,22.2,3.4,,70.63,18.45,23.0,4.85,,34.4,10.71
2012-12-22,17.93,,18.78,8.1,,68.18,21.54,34.45,10.35,,46.8,49.8875
2012-12-23,45.8,,39.6,11.53,,73.43,28.75,41.1,3.4,,58.0,63.63875
2012-12-24,13.85,,21.38,5.85,,79.6,22.4,12.58,3.4,,42.7,55.02625
2012-12-25,14.78,,15.15,5.85,,77.25,4.01,18.05,3.4,,33.1,43.15125
2012-12-26,17.48,,14.85,4.63,,72.85,6.53,41.63,3.4,,14.7,37.09875
2012-12-27,34.0,,0.0,0.0,,0.0,,49.95,,,0.0,58.44875
2012-12-28,13.95,,12.25,3.83,79.2,73.88,9.4,23.33,,,24.4,54.22375
2012-12-29,43.18,,35.2,17.48,78.2,69.45,26.95,43.2,,,42.2,64.245
2012-12-30,58.7,,53.7,28.0,85.65,76.1,29.27,58.63,,,36.4,63.45428571
2012-12-31,32.5,,22.2,5.13,78.88,74.23,12.2,27.68,,,32.1,45.24625
