Datum,Beograd Novi Beograd,Beograd Stari grad,Beograd Mostar,Beograd Vracar,Beograd Zeleno brdo,Bor Brezonik,Bor Institut RIM,Bor Krivelj,Bor Gradski park,Cacak,Popovac,Kamenicki Vis EMEP,Kikinda,Kosjeric,Kragujevac,Krusevac,Loznica,Nis IZJZ Nis,Nis O.s. Sveti Sava,Obrenovac Centar,Pancevo Sodara,Paracin,Sremska Mitrovica,Sabac,Smederevo Carina,Uzice,Valjevo,Vranje,Zajecar,Smederevo Radinac
2012-01-01,20.95,39.86,56.91,56.58,,174.29,31.78,13.63,18.89,6.12,6.84,7.15,10.42,11.45,11.48,36.93,35.8,18.63,13.26,19.12,19.41,15.07,23.65,59.57,50.54,10.8,38.39,14.34,73.47,37.23
2012-01-02,32.73,36.09,59.66,55.25,,654.18,368.12,253.24,459.44,6.12,6.12,6.12,6.69,13.9,6.93,40.28,33.9,20.06,16.99,20.05,18.59,13.8,71.14,64.22,15.21,12.92,42.28,11.01,55.44,26.68
2012-01-03,12.27,23.55,45.56,52.11,,378.88,179.01,36.49,255.93,6.12,6.12,7.71,6.92,19.22,12.48,42.65,34.72,24.53,27.0,14.06,10.75,16.75,62.84,58.48,46.93,11.15,40.19,17.66,100.07,32.16
2012-01-04,24.07,30.66,48.5,56.26,,255.4,94.54,176.27,83.66,6.12,6.12,6.75,7.57,11.86,9.82,38.87,28.61,29.69,25.18,19.06,19.57,20.65,116.35,53.92,26.64,11.16,48.08,18.79,96.13,31.66
2012-01-05,11.02,21.87,51.18,26.54,,290.74,10.34,49.22,42.19,6.12,6.45,6.12,9.32,18.34,10.51,26.4,23.5,53.13,24.75,13.38,11.96,19.63,124.2,45.16,16.46,13.84,48.79,16.86,39.65,19.66
2012-01-06,7.96,7.06,21.51,17.63,,197.95,6.12,6.38,6.81,6.12,8.29,6.12,6.12,7.19,6.12,10.7,18.48,10.06,10.25,6.43,6.12,12.96,59.38,27.3,25.65,12.13,30.79,16.72,105.05,21.34
2012-01-07,6.71,7.62,8.92,15.33,,148.12,7.97,7.71,7.31,6.12,7.59,10.92,6.66,6.75,9.68,17.62,18.51,18.96,14.05,6.68,8.93,12.78,,27.73,27.79,7.07,23.24,22.78,150.83,20.8
2012-01-08,7.43,6.74,8.22,17.7,,207.61,23.6,18.14,53.63,6.12,6.12,7.0,6.12,19.1,6.12,20.34,19.73,10.71,10.86,13.74,9.71,6.75,44.02,32.57,21.48,7.12,19.1,15.65,6.12,12.97
2012-01-09,6.86,6.12,10.53,16.02,,151.37,7.46,6.12,6.97,6.12,9.62,17.5,6.12,6.12,6.12,17.27,22.67,6.12,18.18,6.12,6.12,6.12,98.36,25.82,23.56,6.12,25.25,17.49,6.12,26.79
2012-01-10,6.12,6.12,13.37,14.59,,201.55,20.19,20.71,26.92,6.12,,18.59,6.12,13.36,11.42,18.51,21.83,11.79,25.28,6.4,7.57,11.52,56.17,25.94,27.61,7.94,37.26,18.49,6.12,22.16
2012-01-11,6.12,6.43,11.64,19.18,,158.27,10.14,10.11,8.59,6.12,,27.61,7.08,8.6,6.12,16.39,36.61,12.22,31.09,8.05,6.84,15.83,60.36,30.55,39.51,6.12,33.78,24.61,6.12,25.56
2012-01-12,9.53,15.51,31.09,24.87,,181.32,22.69,13.8,25.49,6.12,9.9,12.1,6.45,23.93,6.12,37.48,42.18,12.9,26.37,18.21,10.15,16.19,90.26,52.73,31.26,7.96,60.42,18.1,6.12,28.49
2012-01-13,8.56,15.92,42.77,30.0,,154.95,12.0,9.75,35.17,6.12,6.12,6.47,6.47,10.05,10.73,32.75,26.46,19.15,22.57,13.53,13.64,10.77,23.15,43.25,27.08,11.84,48.07,23.57,6.12,18.92
2012-01-14,6.12,6.12,22.19,11.06,,146.02,6.46,7.36,6.59,6.12,6.37,6.12,6.12,14.02,6.12,20.18,20.98,10.91,14.52,13.06,6.12,14.26,16.51,25.23,14.96,7.68,39.56,10.12,6.12,8.15
2012-01-15,6.12,6.12,12.13,11.11,,172.28,11.72,15.4,13.54,6.12,7.04,6.38,6.12,14.96,6.12,20.95,37.95,10.85,11.36,14.86,6.12,14.09,,22.01,17.88,7.6,30.81,12.13,6.12,17.07
2012-01-16,6.12,6.38,9.12,11.98,,165.06,17.3,6.79,17.63,7.56,9.28,12.27,6.37,14.94,7.68,27.22,46.77,13.12,16.2,8.39,6.12,21.37,,23.52,28.67,8.55,38.42,17.11,6.12,21.66
2012-01-17,6.12,7.09,17.91,14.4,,105.94,21.44,14.29,28.04,10.16,11.68,11.89,7.56,24.71,6.12,34.51,27.27,22.78,22.71,16.64,7.81,19.93,8.32,24.02,37.52,9.69,46.22,24.39,26.78,34.92
2012-01-18,10.61,11.26,11.44,22.18,,44.34,22.19,15.06,20.97,6.12,22.55,15.21,8.01,17.85,28.98,43.29,19.38,,27.05,6.38,13.91,30.45,,24.85,31.0,9.69,27.5,28.99,90.07,30.17
2012-01-19,28.06,50.2,74.86,38.18,,75.93,16.07,68.53,23.32,11.94,7.33,8.66,10.78,24.76,15.94,37.44,28.64,32.13,36.62,19.1,17.94,22.26,,40.27,24.55,15.84,69.25,16.94,71.55,28.95
2012-01-20,12.62,23.39,38.57,25.16,,45.01,7.39,8.25,10.47,13.51,6.12,6.12,10.13,17.68,11.38,21.85,15.63,28.37,21.77,11.02,12.54,14.14,90.97,12.22,24.11,,43.76,31.75,42.83,13.74
2012-01-21,7.43,8.4,23.74,17.02,,13.21,14.45,6.81,15.05,7.45,9.5,9.44,6.79,11.5,15.16,22.28,44.77,17.38,16.81,10.42,9.45,18.58,,11.81,21.98,,31.2,11.85,33.66,14.55
2012-01-22,12.16,19.51,45.11,24.07,,240.75,10.32,66.05,51.17,6.12,6.41,6.12,6.48,16.38,18.93,28.24,34.0,9.71,19.73,19.25,13.77,15.38,,14.82,22.8,,35.53,14.23,28.44,17.73
2012-01-23,12.71,20.43,42.07,34.33,59.42,29.2,53.16,7.75,62.4,12.96,6.45,6.12,9.35,19.34,16.66,43.54,34.99,11.05,34.48,14.24,19.79,18.84,,22.79,,,61.22,33.0,68.31,28.81
2012-01-24,14.55,9.68,20.76,23.87,54.82,56.31,113.73,7.69,946.12,6.12,6.71,6.12,6.12,10.07,9.47,30.88,13.34,9.37,30.16,9.27,12.07,13.54,,6.12,45.57,9.63,21.16,20.85,63.14,24.79
2012-01-25,8.39,6.12,6.12,7.0,32.44,24.97,266.1,10.72,664.21,6.12,6.12,9.22,6.12,6.12,6.12,20.28,14.55,6.12,6.12,6.12,6.12,6.4,,6.97,39.11,6.37,15.28,14.54,22.41,21.62
2012-01-26,7.01,6.12,6.12,11.35,55.22,241.77,40.54,,331.35,9.41,7.13,8.42,6.12,19.58,10.64,29.09,21.21,10.21,11.62,6.12,6.12,15.2,33.44,11.48,21.75,6.12,23.34,19.75,25.41,19.74
2012-01-27,7.53,12.6,25.5,24.88,73.37,754.8,18.2,89.99,34.56,12.35,22.28,21.2,6.79,25.64,19.51,46.02,31.0,8.11,29.6,17.08,12.26,25.62,42.16,22.73,35.23,11.22,70.4,,25.63,20.73
2012-01-28,29.59,35.02,42.27,38.16,,90.58,15.89,6.48,258.59,10.42,11.72,15.92,21.28,29.18,12.99,27.17,28.98,15.36,22.62,29.64,41.19,19.27,40.22,36.24,52.81,10.26,29.12,,27.39,63.11
2012-01-29,25.86,17.51,23.74,19.54,53.3,295.64,30.46,72.16,820.44,7.99,7.53,6.12,21.25,13.77,7.66,26.81,27.27,22.6,10.04,17.51,70.87,16.47,,39.0,36.04,7.59,24.77,,38.11,34.14
2012-01-30,22.57,18.91,23.72,23.26,,352.14,207.01,75.46,1067.81,11.32,8.5,6.12,11.98,12.89,23.73,66.2,29.3,27.24,27.1,21.22,46.47,15.28,,33.18,38.57,10.03,34.87,,54.96,28.19
2012-01-31,32.56,30.94,33.98,29.91,63.78,77.55,757.66,9.22,1459.06,11.76,15.63,6.12,9.32,22.11,29.35,92.48,46.61,22.4,36.49,26.35,33.58,26.94,,45.18,54.54,15.66,47.69,,87.53,44.05
2012-02-01,37.78,17.89,28.85,21.65,54.04,77.48,214.12,6.86,1245.34,9.72,14.03,6.37,12.57,34.03,14.95,,36.63,15.33,24.83,24.61,31.17,19.26,7.24,50.87,35.68,20.32,50.16,,31.69,35.64
2012-02-02,53.59,28.14,27.84,29.79,83.77,123.05,20.34,8.31,1414.0,7.27,8.07,6.42,23.03,17.13,16.44,,34.5,12.81,31.42,13.97,,,6.12,64.05,41.4,14.12,36.64,,24.77,37.08
2012-02-03,32.38,32.11,20.19,,66.19,287.01,17.59,6.12,795.25,15.48,7.38,6.37,7.88,27.29,23.25,,34.79,18.53,46.85,15.8,,16.89,6.12,34.3,49.92,15.32,28.04,30.59,34.89,47.61
2012-02-04,11.76,12.18,12.64,,82.84,119.3,20.6,7.95,809.73,19.11,20.98,16.49,11.32,35.84,27.41,,22.9,19.57,40.53,13.3,,27.93,6.12,25.59,45.96,13.95,33.95,14.31,46.62,66.1
2012-02-05,10.89,18.12,12.56,,70.88,64.22,58.4,35.77,63.77,28.25,25.67,32.25,23.43,39.18,30.99,,26.61,22.42,39.93,15.38,,40.53,8.43,21.65,64.64,18.99,50.74,41.05,65.26,58.72
2012-02-06,27.47,23.92,17.01,,74.18,86.72,60.94,13.68,1053.65,21.48,31.96,56.9,31.91,30.91,41.93,,30.15,24.33,60.19,22.91,,49.92,26.44,27.46,60.67,16.85,37.85,42.98,59.68,100.0
2012-02-07,22.96,24.67,22.86,31.02,,20.44,18.97,6.12,781.87,19.34,25.49,,27.01,36.72,42.73,,34.64,29.38,25.24,25.19,,32.47,6.12,31.96,51.67,17.1,39.55,28.15,39.22,105.76
2012-02-08,41.06,39.79,,40.37,102.28,23.15,29.56,11.07,231.39,19.1,13.92,,25.81,24.59,35.31,,53.28,19.99,15.61,31.76,,15.52,7.78,58.83,63.31,20.37,54.35,12.17,47.77,81.45
2012-02-09,40.63,55.77,,85.39,,92.99,217.72,22.82,521.54,20.16,33.16,,28.75,35.97,64.18,62.22,80.76,24.63,36.26,51.25,,33.23,10.76,83.2,104.17,31.31,66.5,20.22,113.36,132.77
2012-02-10,28.71,58.28,,63.9,,12.88,17.48,,551.86,19.93,27.6,,26.31,28.45,53.13,41.02,82.98,27.5,34.44,51.49,,22.33,9.75,79.74,58.27,21.07,84.92,18.8,19.68,65.55
2012-02-11,44.39,30.85,,26.1,58.38,33.27,21.44,,1216.85,11.48,7.07,,21.77,23.85,16.53,24.51,41.86,23.55,26.8,22.52,33.86,11.95,6.12,38.27,37.65,18.53,48.13,22.11,14.22,44.01
2012-02-12,42.13,45.12,,41.97,110.78,31.41,28.26,,630.45,14.85,9.74,,15.63,33.55,23.78,28.92,37.47,25.65,26.98,35.23,34.27,9.52,12.14,51.85,66.52,15.27,38.71,16.46,11.38,85.03
2012-02-13,30.01,26.02,,39.6,,152.01,311.64,,250.99,26.37,20.37,,10.78,56.17,37.51,60.73,61.53,18.5,35.63,36.23,24.82,26.81,6.12,43.99,66.42,22.3,67.73,38.0,54.03,74.92
2012-02-14,23.13,32.6,,43.12,,54.47,68.32,,116.94,19.16,29.39,,12.88,22.86,39.15,90.83,39.24,32.05,48.41,37.07,32.47,37.93,6.45,57.97,80.88,23.57,73.84,46.08,107.43,65.77
2012-02-15,26.88,51.55,,39.91,,57.4,144.93,,31.77,15.33,18.85,,24.77,27.07,41.07,67.81,32.63,30.05,59.52,32.32,29.24,32.57,17.52,47.6,49.76,25.54,77.37,36.29,87.89,69.72
2012-02-16,6.41,8.84,,16.16,,15.93,,6.12,15.24,9.15,10.0,,12.29,17.35,18.39,31.7,57.39,10.33,23.32,13.9,11.76,15.74,14.65,22.36,25.95,16.5,35.88,25.94,32.7,33.66
2012-02-17,7.04,9.56,,19.61,,36.83,,10.74,31.29,14.3,20.6,,6.98,14.14,19.44,35.16,28.27,19.58,23.8,15.43,8.91,23.47,15.79,22.2,29.83,13.93,43.69,22.83,27.34,40.97
2012-02-18,8.09,15.62,,25.94,,29.75,,9.09,22.48,14.06,8.81,,7.41,20.99,17.45,47.48,53.54,18.25,22.96,19.31,14.32,17.98,23.91,43.26,41.61,8.67,64.96,20.65,66.51,33.65
2012-02-19,24.28,28.81,,38.39,,21.46,,8.9,52.52,15.86,6.67,,13.61,16.05,22.41,52.77,62.94,17.87,31.61,23.97,23.09,12.26,27.17,46.47,30.63,35.01,47.85,26.02,42.37,47.4
2012-02-20,20.58,19.93,,23.57,,25.5,,10.17,43.56,16.39,6.74,,12.96,27.59,16.08,42.29,41.11,32.92,32.05,12.46,13.12,14.08,18.82,21.37,27.23,26.35,34.8,27.43,86.63,34.39
2012-02-21,7.68,7.3,,19.6,,56.19,53.63,12.92,39.69,18.45,29.03,,8.11,25.41,15.21,59.4,25.37,25.48,31.95,11.69,13.17,24.37,11.63,20.09,27.79,10.36,25.7,21.62,67.2,32.1
2012-02-22,12.67,8.22,,29.92,,53.49,46.8,26.74,54.2,19.76,40.04,,13.07,12.25,18.25,58.28,48.67,13.91,51.25,11.59,10.01,27.72,9.35,20.12,33.87,6.12,15.64,29.84,57.25,57.93
2012-02-23,43.88,57.58,,50.45,,47.36,186.82,25.89,48.79,15.62,33.03,,31.14,10.37,25.45,64.6,15.05,37.05,46.65,44.0,45.31,38.24,16.75,18.18,72.5,28.81,26.52,37.73,113.88,
2012-02-24,18.19,32.78,,40.52,81.05,40.43,48.73,19.91,46.03,15.52,9.31,18.89,7.79,36.42,22.06,62.99,47.97,17.13,43.87,35.41,25.37,20.74,38.41,43.15,64.77,23.33,81.26,40.08,79.3,
2012-02-25,8.66,15.99,,22.85,,15.97,14.31,8.04,16.06,7.99,9.79,6.38,6.12,13.85,14.83,62.18,40.39,36.15,37.93,20.67,6.71,15.26,35.49,33.49,23.57,29.71,46.77,26.51,47.23,
2012-02-26,8.34,10.85,35.09,19.85,,22.6,41.62,18.17,35.97,9.07,12.16,7.86,6.12,16.55,14.81,39.22,50.5,29.6,22.1,11.36,7.57,13.59,24.47,22.34,24.23,7.04,50.92,28.06,29.4,
2012-02-27,6.81,7.01,16.05,10.97,,7.7,7.25,6.12,7.59,13.72,9.98,9.92,6.43,7.54,9.56,13.38,10.62,20.83,16.38,7.05,8.25,10.96,18.1,15.45,63.33,16.16,47.49,23.4,61.97,
2012-02-28,6.52,6.12,15.82,13.85,,15.51,21.91,10.27,17.62,11.69,8.87,12.62,6.12,16.37,13.54,29.16,19.12,21.59,18.23,8.61,6.43,11.87,16.82,15.83,41.81,17.84,39.09,23.9,44.56,
2012-02-29,6.44,6.51,24.28,8.78,,34.1,24.8,9.78,32.53,9.09,7.58,7.94,6.73,13.34,8.84,24.93,36.44,24.97,13.92,12.28,6.37,11.6,35.32,19.35,51.48,7.22,41.14,19.83,62.99,
2012-03-01,9.75,9.94,24.15,15.72,,10.93,13.79,6.12,14.56,13.68,12.69,13.87,7.32,10.37,6.38,20.09,19.31,29.75,6.12,12.36,6.78,14.46,36.34,22.06,69.24,16.58,35.23,31.96,90.98,
2012-03-02,7.95,14.92,49.1,18.33,,41.11,20.79,17.82,78.92,13.34,9.74,13.5,6.78,24.29,16.76,35.0,31.81,37.54,6.12,14.44,6.12,16.15,39.68,19.17,31.45,31.37,68.57,44.5,56.47,
2012-03-03,7.12,6.47,10.81,7.96,,11.44,10.54,7.69,13.29,6.95,9.07,7.14,6.12,8.17,18.9,19.44,19.88,36.04,6.12,8.17,6.12,13.55,33.94,13.8,26.99,21.93,29.7,43.24,16.48,
2012-03-04,6.12,7.75,19.41,15.63,,32.4,45.03,24.14,35.29,8.47,17.07,12.0,6.49,12.29,14.24,32.34,38.03,26.48,6.12,11.59,6.89,15.76,31.37,13.42,29.42,25.77,26.12,28.53,60.55,
2012-03-05,12.81,12.64,25.69,20.12,,505.61,379.36,83.91,902.91,20.24,15.0,14.08,6.12,31.72,25.92,51.66,22.67,30.37,6.12,16.96,20.7,19.06,30.61,13.71,56.35,39.1,61.24,34.64,55.95,
2012-03-06,6.12,11.6,22.28,14.16,,112.77,46.86,41.03,206.23,12.88,17.35,22.03,6.92,12.82,11.37,28.55,23.84,33.04,6.12,15.93,12.9,19.42,33.14,19.41,49.95,29.88,33.87,31.75,100.1,
2012-03-07,18.81,16.04,26.9,16.39,,6.49,25.41,6.12,333.6,15.97,10.26,7.93,7.99,13.95,32.47,25.78,22.19,33.29,6.77,11.03,21.27,12.34,36.22,22.77,27.86,31.78,40.45,19.11,39.69,12.33
2012-03-08,31.75,32.61,44.72,29.3,,72.91,14.54,6.88,226.26,12.77,6.12,6.75,13.79,13.14,21.14,17.66,48.09,39.86,18.0,27.36,30.99,7.03,56.13,39.3,40.66,35.01,46.76,11.48,41.53,41.2
2012-03-09,14.11,23.94,44.82,33.68,,307.01,295.3,74.24,824.78,13.32,25.7,22.15,9.99,32.1,27.84,42.06,73.83,33.45,25.29,32.15,26.46,27.08,36.52,19.4,56.43,30.91,58.1,19.07,66.38,49.63
2012-03-10,9.96,12.15,24.8,20.33,,48.86,119.66,13.47,593.81,22.71,19.25,29.27,10.89,25.96,23.45,37.96,38.08,28.68,28.96,15.79,15.45,26.35,33.99,21.53,43.31,32.95,49.44,26.76,77.7,31.95
2012-03-11,12.01,13.16,27.68,18.2,,103.45,77.81,16.84,145.29,12.62,26.53,20.12,6.41,24.14,21.88,22.14,42.01,6.12,24.12,19.99,15.8,17.33,32.53,14.61,35.7,28.76,32.39,15.03,83.5,26.64
2012-03-12,6.12,6.74,12.57,7.14,,6.83,30.46,6.12,7.7,14.51,12.85,11.41,6.66,14.63,6.12,14.61,13.64,6.12,13.7,8.78,8.9,14.36,19.51,12.97,64.56,31.53,45.55,9.15,83.31,24.42
2012-03-13,9.03,7.56,25.58,12.15,,12.46,40.58,7.81,16.27,16.05,15.36,9.58,6.54,12.69,13.0,16.17,35.33,6.12,13.83,15.88,10.75,13.46,14.0,14.65,36.02,30.2,48.94,31.47,52.63,28.95
2012-03-14,6.12,6.95,20.0,12.71,,17.43,13.94,8.9,16.2,9.51,12.26,9.38,6.51,12.71,14.29,15.11,46.68,23.8,15.59,9.27,7.88,12.93,6.69,7.94,15.02,28.65,65.34,28.77,38.85,17.63
2012-03-15,6.12,6.91,19.84,12.68,,17.92,17.26,8.01,20.38,8.91,11.74,8.58,6.12,12.75,14.44,11.58,53.61,34.41,18.23,13.62,8.62,13.99,9.02,10.63,23.44,36.43,48.81,18.59,29.76,17.75
2012-03-16,49.87,50.5,67.99,46.31,,11.94,17.8,7.79,13.62,13.46,13.42,11.65,8.18,9.06,23.69,22.59,20.9,28.05,16.47,36.21,38.19,14.32,52.41,28.96,38.88,29.47,43.11,16.39,49.48,31.1
2012-03-17,30.0,33.35,49.84,32.3,,85.5,32.96,16.3,122.26,10.19,7.82,6.12,18.23,7.4,14.55,16.85,18.33,33.42,20.36,27.99,34.04,8.33,27.52,25.52,29.65,32.1,29.89,13.23,51.32,37.29
2012-03-18,10.87,12.96,32.61,17.13,,109.77,46.62,31.37,222.01,7.77,7.1,6.12,10.99,8.68,22.16,10.74,13.65,26.78,14.62,12.58,18.21,6.12,16.36,13.69,9.02,40.3,24.97,12.24,44.18,9.45
2012-03-19,12.66,16.39,42.64,16.45,,186.98,205.6,80.73,125.72,9.73,6.12,6.12,6.12,13.06,10.54,19.11,20.66,37.98,10.17,50.79,19.26,8.01,11.93,22.21,17.46,47.06,45.86,19.04,27.85,25.71
2012-03-20,6.39,6.68,20.09,7.7,,30.63,71.04,13.19,67.97,12.7,17.6,11.18,6.12,15.71,14.66,27.85,23.72,37.1,21.61,32.56,9.98,15.76,9.51,11.83,9.99,49.4,45.45,16.77,52.77,14.34
2012-03-21,7.65,12.59,21.42,14.34,,6.69,126.05,6.42,11.97,22.43,8.41,21.14,6.41,16.23,11.03,6.75,12.83,28.84,19.96,12.49,8.48,11.48,8.78,14.76,9.45,46.34,32.87,19.15,40.43,12.25
2012-03-22,6.99,18.79,24.06,17.23,,12.55,108.17,6.78,133.49,11.62,16.5,15.55,7.7,14.8,10.02,7.82,15.93,26.83,15.54,16.8,14.97,15.48,9.39,23.93,14.51,41.31,39.37,13.57,59.31,13.07
2012-03-23,19.71,28.93,39.72,31.79,,163.72,228.27,20.22,363.85,11.86,8.1,7.61,7.82,11.77,11.22,14.11,28.55,27.8,11.86,31.07,34.3,11.37,24.59,32.23,24.44,61.77,50.51,13.81,44.98,39.63
2012-03-24,9.96,14.44,25.36,14.73,,188.22,222.28,8.28,199.08,17.39,8.88,9.24,6.12,17.96,15.82,14.28,29.86,36.59,14.5,12.9,14.93,9.14,8.49,18.01,13.54,54.02,44.75,11.99,53.58,13.84
2012-03-25,6.12,7.73,18.01,10.22,,114.1,335.14,12.28,402.9,7.85,15.08,7.86,6.97,9.61,11.7,15.37,16.3,33.88,13.98,8.12,9.96,7.79,6.12,9.31,12.34,38.95,24.48,9.47,46.8,7.87
2012-03-26,,6.12,11.57,6.43,,9.64,10.57,6.12,8.99,10.33,9.82,9.04,6.12,10.2,7.28,15.37,10.88,17.89,11.87,6.12,7.22,9.89,8.35,8.16,11.69,30.02,26.16,17.08,13.46,6.82
2012-03-27,,7.14,11.97,11.93,,19.44,95.19,11.64,75.17,7.97,10.51,11.43,6.12,10.91,35.56,14.93,10.1,22.55,19.41,13.77,6.73,16.31,8.66,9.48,8.45,41.72,20.14,17.67,29.53,7.55
2012-03-28,,7.95,22.71,11.42,,9.37,9.92,6.12,19.13,10.99,11.69,9.4,8.07,13.02,8.34,11.11,32.33,17.27,12.79,12.41,7.07,11.14,10.35,9.91,32.91,35.0,29.15,13.44,27.68,13.44
2012-03-29,,9.75,26.05,10.94,,53.48,15.16,8.89,107.28,13.33,11.03,6.95,6.12,10.56,11.54,14.79,23.39,34.21,17.46,22.68,12.3,9.76,9.11,13.17,14.69,28.4,35.79,20.03,34.58,10.24
2012-03-30,6.12,6.12,13.14,6.12,,7.05,6.42,6.12,6.62,6.12,7.07,,6.12,7.77,6.12,11.22,44.31,22.02,7.5,29.63,6.76,6.41,7.64,10.02,6.92,18.05,28.45,19.05,19.48,6.46
2012-03-31,21.85,23.95,36.38,18.07,,9.11,10.12,6.45,9.15,8.4,6.42,,6.12,7.58,10.09,14.04,19.66,38.57,12.55,44.02,23.33,8.49,11.37,26.17,24.85,23.12,37.91,11.87,17.43,17.01
2012-04-01,6.12,6.12,7.09,6.12,,10.41,7.85,6.12,25.77,7.23,7.09,,6.12,11.46,6.12,14.12,24.83,18.6,9.66,21.65,6.41,6.72,6.12,8.53,11.72,17.41,18.69,13.33,20.58,7.29
2012-04-02,17.75,26.32,30.1,11.58,,139.66,21.14,8.1,66.47,11.89,6.12,,9.27,6.48,24.39,20.98,10.23,19.12,8.06,8.62,19.96,6.88,9.66,11.97,11.96,36.14,18.34,11.13,35.05,15.4
2012-04-03,20.54,24.23,43.58,12.03,,415.72,30.36,89.73,138.54,9.08,6.12,,10.47,12.06,8.06,23.24,9.78,35.61,14.01,9.63,24.54,8.88,13.21,14.28,11.98,51.34,40.48,14.45,86.62,18.63
2012-04-04,12.06,14.11,36.07,8.03,,237.08,491.46,34.08,443.52,7.89,6.12,8.7,9.28,9.62,12.76,10.8,9.68,50.42,13.93,8.18,13.2,6.12,12.96,11.21,6.42,37.54,32.87,16.67,33.23,13.83
2012-04-05,10.64,7.4,28.58,8.58,,170.46,154.66,102.98,87.29,6.77,6.12,6.12,13.8,8.16,12.71,7.63,8.51,42.62,9.4,8.66,20.88,6.38,13.44,13.84,10.22,38.41,38.22,12.9,21.2,13.65
2012-04-06,8.66,9.45,18.86,7.57,,176.69,164.85,,176.6,8.66,6.12,6.12,6.12,10.72,9.5,8.65,12.19,34.96,7.16,15.96,14.01,6.64,10.05,10.84,32.23,39.06,48.84,15.87,43.9,29.36
2012-04-07,14.84,15.99,22.1,10.27,,13.37,11.07,,10.05,7.04,6.12,,6.12,7.2,6.81,6.47,6.99,25.88,8.71,9.12,24.65,6.53,7.6,9.18,21.62,18.52,26.56,10.89,20.54,23.22
2012-04-08,6.68,6.12,6.12,6.12,,9.93,8.28,,9.11,6.12,6.56,6.12,6.12,6.37,8.66,6.88,11.72,11.63,6.37,6.75,8.77,6.12,6.12,6.12,10.05,10.56,9.7,14.31,12.9,6.1
2012-04-09,9.08,6.12,6.12,6.81,,7.99,6.42,,8.01,7.38,6.77,6.43,6.12,6.12,7.46,8.55,15.08,9.7,8.21,6.43,7.74,7.79,6.12,8.63,28.95,8.08,12.64,34.54,21.49,7.76
2012-04-10,18.24,16.69,26.18,12.88,,54.8,81.31,,184.89,7.06,10.41,6.69,6.4,7.03,14.47,16.34,10.57,14.63,11.88,7.54,25.6,,16.61,19.58,30.25,25.61,18.32,17.52,20.49,38.08
2012-04-11,13.92,11.64,26.79,8.46,10.87,120.01,358.76,,524.14,6.55,9.78,6.12,13.88,9.62,8.91,8.21,8.48,21.66,8.22,13.87,31.19,,10.22,16.1,16.43,26.02,24.29,14.95,18.33,16.95
2012-04-12,14.62,10.58,25.61,9.64,15.04,179.18,189.79,90.97,215.63,6.93,6.12,6.12,7.14,8.08,13.41,9.55,9.17,37.58,13.06,15.25,16.27,,9.82,15.8,7.41,18.39,26.01,12.18,26.62,15.36
2012-04-13,15.84,10.62,17.05,8.47,9.72,222.09,407.37,124.21,,6.12,6.12,6.12,8.87,10.34,7.85,6.58,11.11,23.34,9.07,6.12,25.6,,11.29,23.32,8.55,24.89,16.51,15.43,21.3,
2012-04-14,13.27,6.75,9.72,6.81,6.4,71.31,29.93,9.59,438.19,6.12,6.12,6.12,6.12,6.37,6.37,6.12,19.27,19.71,7.02,6.37,23.73,,10.68,12.0,10.84,14.12,26.89,18.42,14.01,6.38
2012-04-15,9.7,6.12,8.5,6.12,16.55,16.03,36.01,7.54,18.17,19.19,,6.12,6.12,13.53,7.6,15.54,9.17,34.65,11.38,7.37,17.61,,10.07,8.29,13.67,10.91,36.53,10.88,16.96,9.35
2012-04-16,19.0,11.49,21.99,9.2,16.95,151.56,115.27,24.41,44.44,6.12,6.12,6.12,6.12,6.51,6.12,6.77,6.12,17.69,8.37,6.12,17.02,,6.79,9.9,9.12,14.7,20.28,10.68,11.12,9.46
2012-04-17,6.37,6.12,6.12,6.12,6.1,73.69,53.11,24.64,127.31,6.12,6.12,6.78,6.12,6.12,6.12,10.1,6.12,18.68,6.71,6.12,9.1,,6.12,6.12,10.53,6.38,15.66,8.4,,9.4
2012-04-18,7.6,6.12,,6.12,6.46,10.65,8.76,6.73,9.91,6.12,6.12,6.65,6.12,6.37,6.12,7.53,6.12,6.12,6.12,6.12,10.04,,6.12,8.5,7.26,6.12,9.13,8.16,51.57,6.1
2012-04-19,22.89,21.05,25.78,12.22,14.08,23.84,28.69,7.8,10.41,6.48,6.12,6.12,6.72,6.96,7.04,8.79,7.67,22.62,11.97,16.63,20.18,,7.23,14.01,9.03,13.67,22.45,10.72,12.35,7.06
2012-04-20,13.78,11.18,19.7,12.42,7.37,70.62,16.34,21.86,9.45,6.38,6.12,6.12,6.41,7.08,11.03,6.12,7.45,17.0,7.35,7.74,18.94,7.02,6.74,11.94,6.64,14.13,18.19,13.2,16.64,6.96
2012-04-21,12.41,11.29,15.62,8.54,11.14,22.91,34.87,15.33,51.97,6.12,6.12,6.12,6.63,6.4,6.12,6.12,6.12,14.63,6.67,19.13,12.62,6.38,6.87,8.21,10.51,13.18,15.86,6.66,13.62,
2012-04-22,20.65,15.86,26.35,9.64,10.02,114.71,61.18,14.67,34.49,6.12,6.12,6.12,6.12,6.12,6.12,6.12,6.12,14.71,6.12,8.82,16.06,6.12,6.12,7.87,6.12,12.39,10.97,6.38,8.46,
2012-04-23,9.74,7.37,24.68,6.12,6.1,18.68,41.07,6.58,47.78,6.12,6.12,6.12,6.12,7.15,6.74,6.99,6.12,20.84,7.59,8.59,15.82,6.12,8.09,12.56,12.66,14.84,23.57,8.05,12.0,
2012-04-24,9.5,7.5,43.46,6.12,6.72,6.44,8.89,6.12,6.1,6.12,6.12,6.12,6.82,6.12,6.12,6.12,6.12,30.71,9.06,8.47,7.96,7.64,6.12,6.37,8.21,14.43,12.79,7.84,11.95,
2012-04-25,6.74,6.62,10.86,6.12,8.68,8.15,7.58,6.69,8.49,6.96,6.12,6.12,6.12,6.12,6.12,6.12,6.12,21.46,7.36,6.95,11.15,6.12,6.12,7.89,11.53,9.71,12.3,8.36,12.16,6.43
2012-04-26,21.78,20.09,21.73,21.24,26.59,9.62,8.57,6.5,12.22,8.77,6.12,,6.12,6.51,6.93,6.12,6.12,8.91,6.74,24.61,20.57,7.59,7.76,11.13,12.36,15.48,14.02,7.13,8.31,10.88
2012-04-27,18.52,11.37,24.41,12.62,11.75,11.16,11.11,6.12,,6.92,6.67,,15.73,6.9,6.43,9.11,6.96,12.75,7.33,13.54,35.03,7.32,10.01,16.19,17.86,18.05,16.45,7.34,12.2,
2012-04-28,11.81,6.4,19.55,7.66,7.03,6.77,11.76,6.12,,6.12,6.12,6.12,7.61,6.76,6.12,6.12,6.12,9.37,6.12,6.12,16.46,6.12,10.35,15.04,8.1,14.83,13.31,6.12,10.43,
2012-04-29,8.98,6.12,16.0,6.8,6.1,6.76,15.96,6.12,29.04,6.12,6.12,7.76,6.12,6.12,6.12,6.12,6.12,9.48,6.55,6.12,14.64,6.12,11.22,9.24,6.12,14.36,15.28,7.76,7.18,
2012-04-30,14.69,8.59,13.95,6.12,6.1,8.29,13.05,6.12,19.69,6.12,6.12,8.0,6.12,8.14,6.12,6.41,10.47,11.67,10.14,10.43,15.47,,13.12,19.4,7.51,20.42,25.54,9.98,7.29,
2012-05-01,9.03,6.12,11.75,6.12,6.1,6.54,9.21,6.12,19.36,6.12,6.12,11.46,6.89,6.12,7.07,6.75,12.81,12.1,8.74,11.43,23.65,7.43,11.31,26.91,9.01,16.48,21.58,10.81,6.95,
2012-05-02,11.77,6.42,16.03,6.12,6.1,7.53,9.71,6.12,16.39,6.12,,11.22,8.5,7.29,6.12,6.12,8.39,13.55,8.02,7.92,15.18,7.56,10.61,16.78,12.59,17.18,22.74,10.65,7.49,8.92
2012-05-03,18.61,16.38,22.93,9.32,10.5,8.12,8.08,6.12,13.88,6.12,,12.44,7.6,7.17,7.38,8.98,7.22,14.98,9.51,22.59,24.73,11.91,9.22,8.77,14.39,20.24,28.69,11.05,8.3,14.12
2012-05-04,13.14,8.56,16.27,8.55,9.31,7.38,7.17,6.46,9.72,6.12,,6.12,6.12,6.65,7.85,6.12,7.3,13.8,6.66,29.08,16.8,9.41,8.18,6.77,19.15,18.01,19.46,8.36,11.37,11.61
2012-05-05,17.18,12.58,19.04,8.47,9.79,9.91,12.28,6.12,12.78,6.12,,6.12,,6.12,10.17,6.12,6.37,12.65,6.12,26.43,26.5,7.17,8.52,10.06,12.42,15.77,15.49,7.23,9.08,12.86
2012-05-06,17.86,12.09,17.0,8.25,9.24,9.43,9.98,6.65,9.97,6.12,,6.4,,6.12,6.57,6.75,6.12,8.47,6.12,9.6,17.38,8.63,8.8,10.96,6.92,18.0,14.96,6.12,8.35,8.47
2012-05-07,10.87,7.12,18.21,6.12,6.1,11.78,7.34,6.12,8.12,6.12,,6.12,,6.68,6.55,6.12,6.12,13.0,7.19,6.82,12.0,8.25,6.12,7.74,8.6,23.1,25.74,7.61,9.08,7.64
2012-05-08,7.05,6.12,8.84,6.12,7.07,,10.25,7.13,10.11,6.12,,8.35,,6.12,7.41,6.47,6.12,10.14,6.99,13.28,6.63,12.42,6.12,6.12,6.12,21.56,14.76,8.06,9.03,6.1
2012-05-09,7.6,6.12,9.31,6.12,6.1,,9.65,6.12,10.56,6.12,9.64,7.89,,6.42,10.09,9.55,12.65,9.25,7.49,,9.49,13.34,8.36,8.56,11.22,18.64,11.56,7.81,8.37,13.23
2012-05-10,11.35,8.68,14.51,6.73,9.45,,8.22,6.12,15.17,6.43,6.12,6.12,,11.16,12.85,6.12,6.12,9.49,6.82,,19.67,6.98,6.12,6.79,9.39,13.84,24.95,8.28,7.12,11.95
2012-05-11,9.69,6.37,11.66,8.05,6.99,,16.61,6.97,28.21,13.1,8.49,8.73,,7.55,11.5,9.18,7.91,12.86,8.74,7.0,11.43,20.18,7.0,6.37,6.38,16.68,27.38,9.28,21.22,6.1
2012-05-12,12.76,11.24,14.19,7.48,7.23,,32.35,6.55,33.42,6.72,7.96,9.9,,9.51,11.97,8.19,7.19,12.93,9.51,18.28,13.8,15.23,7.35,6.73,8.5,16.55,23.3,9.23,10.1,6.72
2012-05-13,6.38,6.12,6.12,6.12,6.1,,17.08,6.12,7.25,6.52,6.12,6.86,,6.12,6.12,6.12,6.12,6.12,6.12,7.85,6.38,6.97,6.12,6.12,6.12,6.37,9.69,6.12,8.82,6.1
2012-05-14,6.37,6.12,6.12,6.12,6.1,,163.69,6.12,621.49,6.12,6.12,6.12,,6.12,6.12,6.12,6.12,6.12,6.12,6.12,11.65,9.74,6.12,6.12,6.12,6.12,6.12,6.12,6.12,6.1
2012-05-15,6.37,6.12,6.12,6.12,6.1,,38.71,7.88,865.78,6.12,6.12,6.12,,6.12,6.12,6.38,6.12,6.12,6.12,6.12,14.36,8.09,6.12,6.12,10.48,6.12,6.12,6.12,7.76,6.1
2012-05-16,7.95,6.12,8.01,7.38,6.1,,9.79,6.12,9.12,6.12,6.12,6.12,,6.72,9.78,6.67,6.12,9.65,7.75,9.41,15.18,9.38,6.12,6.37,6.12,9.3,13.92,6.12,13.95,6.1
2012-05-17,7.02,6.12,6.12,6.12,6.1,,7.1,6.12,6.1,6.12,6.12,7.08,,6.12,6.12,6.42,6.12,6.12,7.28,6.12,14.19,11.44,6.12,6.41,22.37,6.12,6.94,6.12,59.68,6.1
2012-05-18,7.65,6.12,24.52,6.12,8.69,14.85,14.75,6.12,16.17,10.65,9.66,13.34,,7.77,6.38,6.12,6.12,10.44,12.51,6.83,20.19,12.72,6.12,7.38,16.06,9.23,10.99,6.12,25.38,10.85
2012-05-19,12.35,8.57,28.81,7.04,11.03,260.51,59.81,,290.3,6.12,7.76,8.98,,6.12,13.97,8.94,15.2,13.02,10.91,12.65,16.84,14.98,15.08,21.37,9.76,11.6,11.49,7.89,19.65,10.71
2012-05-20,9.14,7.07,13.03,6.38,6.1,47.95,101.4,,69.4,6.12,6.12,13.33,,6.12,6.38,6.12,7.26,10.71,7.38,7.81,16.1,8.27,13.08,30.28,6.12,10.19,10.98,8.51,44.3,6.1
2012-05-21,16.03,12.87,17.86,9.14,11.84,215.6,78.09,,296.09,6.12,6.46,6.38,16.59,6.89,7.44,7.29,6.12,22.78,9.88,7.39,31.85,6.96,18.37,15.45,14.97,11.45,22.79,8.66,21.89,11.06
2012-05-22,16.68,7.17,7.08,6.45,6.43,29.06,8.97,,366.62,6.12,6.12,7.61,19.64,6.37,7.88,6.38,6.69,17.38,6.75,19.37,19.66,6.12,7.86,16.24,6.12,9.55,20.09,6.37,12.99,6.1
2012-05-23,10.04,6.12,10.11,6.12,,38.32,128.57,,171.37,6.12,6.12,6.12,7.7,6.12,6.71,6.46,7.19,6.12,6.12,11.77,18.49,7.18,6.92,6.12,8.02,6.12,10.6,6.12,17.69,6.1
2012-05-24,6.99,6.12,10.27,6.12,,74.42,23.92,,29.25,6.63,6.12,6.12,6.12,6.83,8.63,6.41,21.05,9.56,8.45,7.79,16.48,15.64,6.96,7.47,6.12,7.6,20.56,20.29,15.23,6.1
2012-05-25,6.42,6.12,6.12,6.12,6.1,19.29,11.12,,10.41,6.12,6.12,6.12,16.26,6.12,9.21,6.12,7.04,12.97,7.26,6.77,14.76,12.25,6.12,7.0,6.12,6.12,6.44,,59.23,6.1
2012-05-26,6.12,6.12,7.75,6.12,6.1,30.41,15.04,6.12,199.97,6.12,10.86,6.12,33.7,6.12,14.49,6.44,7.35,10.48,7.8,16.18,13.93,13.38,6.12,6.12,8.15,6.97,10.22,,33.02,7.09
2012-05-27,7.23,6.4,9.76,6.12,6.1,216.96,34.25,58.63,26.4,7.49,6.12,6.12,22.34,6.43,10.45,6.4,7.02,10.42,6.12,7.82,14.61,8.58,6.12,7.02,6.12,6.66,11.27,,32.1,6.1
2012-05-28,6.38,6.12,8.57,6.12,6.1,17.54,24.8,6.12,9.64,6.64,10.55,7.32,17.58,8.82,11.74,7.04,21.81,8.25,7.53,31.42,15.99,9.7,7.36,7.23,6.12,14.28,15.17,,22.71,6.1
2012-05-29,6.57,6.12,7.64,6.12,6.1,20.66,40.06,6.75,76.41,6.55,6.48,6.65,10.65,6.12,8.11,6.12,18.31,7.7,6.37,11.48,15.43,10.13,6.41,6.12,6.12,8.1,12.9,,9.31,
2012-05-30,7.05,6.46,11.07,6.12,6.1,23.3,16.23,8.04,13.31,6.4,9.0,12.71,17.98,9.48,13.52,7.25,17.22,17.8,9.17,24.33,16.54,14.97,8.15,11.09,6.63,13.36,23.34,,8.07,
2012-05-31,6.12,6.12,9.59,6.12,6.1,19.81,60.67,7.04,28.18,8.97,8.23,7.57,22.63,6.12,8.29,6.54,24.83,11.35,7.06,27.59,15.16,8.73,6.4,12.5,6.12,12.19,18.45,,9.04,
2012-06-01,8.52,11.49,15.95,9.9,12.39,268.46,39.4,46.92,62.46,6.12,6.12,6.74,19.82,6.12,11.53,7.54,,15.79,7.6,11.4,20.55,9.27,9.35,11.57,8.18,10.37,17.52,,6.12,7.35
2012-06-02,7.0,6.12,7.47,6.12,6.99,43.69,13.43,8.99,129.73,6.12,6.12,8.39,22.06,6.12,13.21,7.06,,12.86,7.44,10.85,18.62,6.81,16.24,8.57,10.17,10.07,10.01,,7.44,6.1
2012-06-03,8.22,10.96,16.23,15.23,17.26,150.22,79.66,39.28,88.87,6.12,6.12,6.97,17.92,6.12,6.4,6.12,,14.66,6.4,6.12,25.41,6.12,11.14,9.6,7.12,9.82,11.37,,6.41,6.1
2012-06-04,11.34,15.56,14.42,12.2,14.41,22.93,14.53,6.48,12.36,6.12,6.12,7.9,7.54,6.12,7.61,6.12,,28.48,8.77,10.19,31.48,6.12,16.56,16.64,23.47,11.85,11.29,,6.12,16.21
2012-06-05,6.12,6.12,6.12,6.12,6.1,41.52,57.88,10.37,85.91,6.12,6.12,8.66,18.36,8.51,6.72,6.44,,14.77,7.1,6.37,16.96,8.72,6.12,7.33,8.38,7.28,9.06,,8.84,6.1
2012-06-06,6.38,6.12,6.12,6.12,6.1,17.71,6.86,6.4,7.67,8.11,7.4,7.1,22.68,6.12,15.2,8.04,,9.27,6.41,25.74,15.83,9.0,6.41,7.5,6.88,10.17,12.04,6.12,6.46,6.1
2012-06-07,6.12,20.26,15.16,17.13,13.96,299.64,93.19,19.32,138.39,6.12,6.12,6.38,26.93,6.12,9.38,6.12,,11.23,6.4,46.77,31.85,6.38,11.56,16.88,15.13,12.3,13.7,6.38,6.12,12.8
2012-06-08,13.62,16.48,21.08,22.06,16.3,292.19,81.04,45.45,78.46,6.12,6.12,6.38,11.36,6.12,7.86,6.12,,19.88,6.65,20.75,26.77,6.12,11.6,24.62,13.3,12.58,13.36,6.52,6.71,6.1
2012-06-09,7.49,7.1,12.08,11.04,8.43,300.29,172.68,32.2,468.11,6.12,6.12,6.37,8.37,6.12,7.56,6.83,,22.03,6.42,6.76,23.97,6.12,19.12,21.46,8.7,14.14,16.86,6.12,13.73,6.1
2012-06-10,6.57,6.97,10.71,7.94,7.07,89.24,80.12,6.12,382.43,6.12,6.12,6.68,7.76,6.12,8.63,6.12,,25.91,8.02,10.89,22.07,6.12,16.66,18.13,15.8,11.54,23.73,6.12,7.97,6.1
2012-06-11,9.01,8.65,12.04,12.07,12.98,72.85,43.48,,712.58,7.05,6.12,6.12,14.88,6.12,10.01,6.12,,27.52,9.64,20.55,26.84,6.12,12.87,15.34,13.21,11.79,16.51,6.12,6.92,6.1
2012-06-12,6.12,6.12,21.06,6.12,6.1,197.57,10.97,,27.48,6.46,6.12,6.12,31.02,6.12,8.4,6.12,,27.52,8.3,7.8,22.24,6.12,10.63,9.34,10.66,11.34,10.58,6.12,6.12,6.1
2012-06-13,6.46,6.12,11.87,6.82,7.49,17.62,36.41,,6.1,6.44,6.12,7.57,14.56,6.12,11.47,6.59,,17.49,7.17,8.48,18.86,9.52,7.47,8.87,7.77,9.83,10.45,6.12,23.66,6.1
2012-06-14,6.12,6.12,6.92,6.49,6.1,22.54,32.21,,16.92,6.74,6.12,6.12,12.67,6.12,13.82,8.41,,8.42,6.12,49.6,16.69,8.86,10.36,7.22,6.12,13.18,13.98,6.12,15.3,6.1
2012-06-15,6.12,6.12,7.22,6.52,6.1,17.1,7.99,,7.24,10.46,6.12,7.69,14.98,6.12,15.87,10.09,,10.37,8.88,52.12,16.4,13.4,8.21,10.98,6.77,11.54,14.25,6.12,18.76,6.1
2012-06-16,6.12,8.04,10.76,10.46,9.52,34.25,106.44,,373.2,9.49,6.12,6.12,6.12,6.12,10.22,6.12,,11.48,6.12,12.0,31.32,7.9,12.21,25.2,10.57,11.63,12.26,6.12,7.15,6.1
2012-06-17,6.12,6.45,8.96,8.49,8.03,45.84,258.27,,610.5,6.12,6.12,6.12,22.25,6.12,8.18,6.12,,10.01,6.12,6.12,22.52,6.12,14.01,12.32,11.57,8.68,9.89,6.12,6.12,6.72
2012-06-18,6.12,6.12,8.08,7.53,8.6,18.63,220.65,,547.72,6.12,6.12,6.12,16.88,6.12,6.96,6.69,,11.02,6.42,7.25,20.28,6.12,21.69,12.54,6.82,11.4,10.44,6.12,7.39,6.1
2012-06-19,6.12,6.12,9.78,7.76,7.19,28.81,317.45,,870.44,6.12,6.12,6.12,,6.12,7.25,,,11.52,7.58,6.49,24.51,6.12,25.71,18.79,8.42,11.8,11.09,6.12,6.39,6.1
2012-06-20,6.12,6.12,16.67,8.77,6.8,49.66,120.5,,233.74,6.12,6.12,6.4,,6.12,9.1,,,13.21,6.49,6.58,35.61,6.93,17.2,8.53,,12.1,11.19,6.12,9.95,6.1
2012-06-21,,6.12,12.17,7.18,6.1,106.33,243.8,,534.57,6.12,,11.66,,6.12,11.89,6.12,26.68,21.22,7.28,7.61,35.09,6.12,14.31,8.22,,13.59,14.31,6.12,9.31,6.1
2012-06-22,,6.4,8.71,7.61,8.41,212.58,153.89,,382.66,8.06,,16.92,,6.12,15.15,9.13,11.88,18.75,7.75,18.32,34.57,8.76,9.11,6.82,19.67,16.31,22.47,7.23,8.69,6.1
2012-06-23,,6.12,6.71,6.12,6.6,19.06,12.11,,10.04,8.3,,9.09,,6.12,9.1,6.12,6.12,12.19,6.47,10.67,18.14,6.53,6.68,6.12,6.12,12.28,14.4,6.12,26.82,6.1
2012-06-24,,6.12,6.12,6.12,7.07,111.21,117.29,,290.45,6.12,,9.39,,6.12,11.88,7.57,6.4,12.22,6.79,6.12,18.92,10.35,6.37,6.12,7.32,6.92,10.92,6.12,9.66,6.1
2012-06-25,6.82,6.41,10.34,8.29,8.46,147.81,59.14,,123.37,6.12,,6.12,,6.12,9.91,6.12,21.27,13.13,6.12,15.1,27.91,6.12,12.78,11.38,15.92,12.13,12.91,6.12,6.12,6.1
2012-06-26,6.12,6.12,6.12,6.12,6.1,25.94,16.69,,19.34,6.94,,6.37,,6.12,13.94,6.12,12.99,6.86,6.12,13.87,17.79,6.92,6.12,6.12,6.12,8.68,8.78,6.12,6.7,6.1
2012-06-27,6.12,6.12,6.12,6.12,6.1,17.62,30.21,6.12,9.57,6.12,,18.35,,6.12,12.06,6.12,8.71,7.1,7.12,28.92,18.72,6.37,6.64,6.12,7.58,10.1,7.04,6.12,12.58,6.1
2012-06-28,16.5,11.77,16.12,15.92,10.2,25.74,28.0,7.87,48.39,6.12,,11.67,,6.12,12.1,6.55,9.0,10.17,6.94,31.38,22.62,6.12,18.1,12.6,19.01,11.72,9.48,6.12,14.47,6.1
2012-06-29,9.55,9.49,10.81,11.42,10.3,198.93,123.57,18.93,,6.12,,18.01,,6.12,9.62,6.12,6.37,11.94,6.48,11.03,33.38,6.12,18.96,16.41,17.07,11.91,10.76,6.12,14.17,8.34
2012-06-30,9.61,7.54,9.33,11.48,8.4,384.95,154.6,58.05,,6.12,,13.16,,6.12,13.2,7.07,25.2,14.54,8.53,8.36,32.16,8.73,12.13,16.7,22.26,12.19,9.98,6.12,10.04,7.0
2012-07-01,10.21,8.58,8.47,14.69,9.04,242.74,143.64,26.85,,6.12,,12.1,,6.12,13.9,6.43,6.12,10.19,,6.98,34.07,6.37,16.48,24.72,22.81,11.64,9.72,6.12,8.74,6.1
2012-07-02,10.17,8.76,9.61,11.6,10.76,46.35,138.15,8.96,,6.12,,11.47,,6.12,12.18,7.48,6.12,9.64,,7.75,6.85,6.12,16.4,15.64,18.24,12.24,10.6,6.12,,6.1
2012-07-03,6.77,6.72,6.93,9.22,6.82,29.05,265.35,6.42,,6.12,,16.12,,6.12,13.58,7.09,6.12,9.35,,6.12,8.89,6.12,15.26,21.47,17.32,12.34,10.97,6.12,,9.35
2012-07-04,9.64,6.12,9.41,12.45,6.1,22.59,18.07,6.12,,7.17,,17.78,,6.12,14.83,6.98,13.64,15.58,,28.79,10.44,6.4,15.62,25.19,24.0,22.71,20.47,6.12,9.3,18.4
2012-07-05,20.84,6.12,23.33,23.2,8.7,231.95,109.99,6.12,,8.88,,10.42,,6.12,15.12,6.41,13.02,20.12,,28.22,8.21,6.12,13.28,19.24,24.55,11.97,15.14,6.55,10.53,6.37
2012-07-06,11.35,6.12,16.54,15.95,11.64,79.52,136.75,15.27,,6.12,,7.3,,6.12,14.82,7.05,12.54,18.83,,12.09,8.36,6.12,17.89,13.6,21.08,7.66,12.62,6.12,8.79,6.1
2012-07-07,14.18,14.38,13.29,18.62,12.74,161.56,83.5,32.16,,13.37,,9.7,17.11,9.61,13.69,6.12,57.06,12.19,,55.75,7.79,6.12,14.38,11.64,21.51,7.26,10.76,6.12,14.0,7.05
2012-07-08,20.27,21.2,19.97,26.28,24.08,56.05,33.52,16.44,,21.22,,8.27,8.01,16.63,21.46,11.72,77.54,13.19,,103.15,11.17,11.98,10.56,15.26,18.94,10.29,18.99,6.12,11.36,6.1
2012-07-09,11.4,14.04,13.46,17.29,16.41,38.24,126.43,6.12,,19.05,,9.31,7.37,18.48,18.38,8.4,25.05,17.04,,45.97,8.1,10.77,14.83,16.26,23.14,16.05,20.27,6.12,15.45,12.8
2012-07-10,8.92,7.94,9.7,9.73,8.23,77.61,76.61,14.62,,17.38,,9.61,6.12,12.91,9.83,6.49,25.75,15.03,,31.44,10.6,9.43,10.27,10.36,16.59,10.2,15.64,6.12,24.86,6.1
2012-07-11,20.63,14.01,16.98,21.19,13.28,483.01,78.94,16.06,8.3,8.35,6.12,6.12,6.12,7.41,7.13,6.12,23.14,11.39,,71.19,9.27,6.12,13.44,15.26,21.4,9.29,12.8,6.12,18.29,6.1
2012-07-12,7.22,7.44,8.84,8.09,7.51,63.2,78.86,14.3,8.08,12.1,6.74,6.47,6.12,13.24,13.31,6.43,20.07,10.98,,28.13,6.58,8.0,,7.26,13.42,9.04,11.21,6.12,19.0,6.46
2012-07-13,8.61,8.87,12.08,11.49,9.05,137.11,51.04,10.39,6.69,7.22,6.58,6.12,7.12,9.73,6.12,6.43,9.24,10.95,,13.12,8.22,6.12,10.02,9.91,14.15,8.52,9.49,6.12,9.85,37.31
2012-07-14,28.03,33.98,33.97,46.27,59.87,393.17,194.55,20.18,9.16,6.12,6.12,7.44,7.95,6.64,6.12,6.12,7.79,11.38,,12.6,53.64,6.12,15.58,17.32,15.26,6.87,6.99,6.12,10.05,8.11
2012-07-15,7.75,7.07,7.71,7.14,7.13,309.79,164.94,47.29,9.99,16.43,6.12,7.88,6.12,10.3,18.91,8.29,14.92,14.21,,38.46,6.44,8.82,6.12,7.23,6.12,6.81,10.52,7.1,13.18,6.1
2012-07-16,6.12,6.12,6.12,6.12,6.1,25.0,9.6,10.66,6.1,23.09,6.12,13.84,6.12,13.0,11.68,8.61,30.5,9.13,,14.71,6.12,19.52,6.12,6.12,6.12,6.12,7.2,6.41,7.9,6.1
2012-07-17,6.12,6.12,6.12,7.07,6.53,23.06,10.42,7.89,6.1,9.96,9.1,7.09,6.12,6.37,10.84,7.37,7.92,7.45,,15.82,6.12,8.43,6.12,6.12,6.12,6.12,6.38,6.12,30.31,6.1
2012-07-18,6.12,6.54,6.12,8.08,6.46,24.9,22.07,6.88,6.46,9.82,8.73,10.26,6.12,6.78,10.88,6.12,7.33,8.91,11.19,10.85,6.12,7.91,6.12,6.12,6.12,7.26,7.05,6.12,27.33,6.1
2012-07-19,12.89,10.33,17.05,13.37,11.26,457.14,150.84,22.0,10.16,9.29,9.89,7.09,8.7,8.0,8.56,6.12,6.65,8.18,9.63,21.06,11.53,6.38,24.0,12.29,11.29,6.42,7.84,6.12,7.7,17.27
2012-07-20,7.14,9.14,10.48,15.85,12.12,426.85,391.36,64.38,16.69,11.23,8.36,6.12,6.75,12.49,9.9,6.65,25.59,13.07,13.58,15.03,10.77,7.89,6.12,10.37,11.86,11.31,12.7,6.12,29.91,20.59
2012-07-21,6.12,6.44,7.16,12.61,11.91,278.09,192.57,51.93,10.93,21.08,11.56,9.39,6.12,11.7,10.84,6.57,56.5,14.16,15.13,26.21,6.12,9.28,6.12,7.44,10.03,9.34,16.31,6.12,17.11,12.12
2012-07-22,6.12,6.12,6.12,6.37,6.1,25.05,10.29,8.29,6.1,14.75,9.34,11.22,6.12,7.98,12.62,7.12,6.44,11.45,18.92,6.58,6.84,13.98,6.12,6.12,6.12,6.12,6.94,6.12,36.56,6.1
2012-07-23,6.12,6.12,6.12,6.78,6.93,24.33,66.1,8.02,9.59,21.03,6.12,6.12,6.12,19.73,18.17,9.12,15.51,8.07,8.66,22.54,24.89,19.42,6.67,6.83,6.61,6.4,13.21,6.12,10.41,6.44
2012-07-24,13.58,12.07,9.01,17.71,15.26,37.61,81.99,6.41,10.17,7.98,6.68,6.12,6.12,8.41,6.77,6.12,10.95,8.32,6.68,6.84,19.29,6.64,6.43,13.61,10.03,6.12,8.72,6.12,6.37,6.1
2012-07-25,12.87,11.39,12.4,18.9,15.31,45.75,31.4,7.46,15.58,6.12,6.12,6.12,6.12,6.12,6.58,8.26,7.0,7.18,6.12,6.12,18.09,6.98,13.65,18.04,6.9,6.12,7.55,6.12,6.12,6.1
2012-07-26,6.37,6.12,8.72,10.53,6.8,18.61,74.71,6.47,,9.12,6.12,9.32,6.12,9.78,10.58,14.23,37.31,8.76,6.12,16.3,6.12,21.62,6.12,6.67,6.12,7.27,17.28,6.12,13.06,6.1
2012-07-27,6.12,6.12,7.64,9.25,6.1,6.12,6.12,6.12,,6.12,6.12,6.86,6.12,6.12,11.76,7.59,11.16,8.81,10.07,14.25,6.12,14.26,6.12,6.12,9.19,6.74,6.12,6.12,21.65,6.1
2012-07-28,6.12,6.12,6.88,,7.32,35.77,78.15,8.1,,6.12,6.12,8.66,6.12,6.12,6.69,6.12,7.14,8.69,9.94,92.02,6.12,8.7,7.6,7.58,16.47,9.11,6.12,6.12,16.49,6.1
2012-07-29,10.67,9.39,8.29,15.56,10.59,162.69,44.11,78.24,,6.12,6.12,6.71,8.87,6.12,6.37,6.12,8.56,10.97,8.04,12.34,18.6,6.12,15.08,15.57,14.51,6.12,6.12,6.12,9.84,6.1
2012-07-30,6.12,6.12,6.44,8.46,6.1,10.86,98.13,7.53,,10.57,6.12,10.31,6.12,6.93,9.09,7.88,15.2,11.79,12.83,20.87,6.12,9.37,6.12,6.12,6.12,9.07,6.12,6.12,76.0,6.1
2012-07-31,6.12,6.12,6.49,9.38,6.82,10.29,31.51,7.74,,12.88,6.12,13.21,6.12,6.12,7.34,6.48,7.46,10.63,13.77,14.56,6.12,15.93,6.12,6.12,6.12,8.36,6.12,6.62,12.77,6.1
2012-08-01,6.12,6.12,6.12,10.24,7.28,111.21,33.39,62.13,,7.48,6.12,10.13,6.12,6.12,8.08,6.12,42.86,9.95,13.99,14.73,6.12,8.91,7.94,6.12,7.22,8.96,8.36,6.12,9.78,6.1
2012-08-02,6.53,7.15,7.56,14.29,16.71,439.95,179.06,184.96,187.54,6.12,6.12,6.71,7.99,6.12,6.82,6.12,10.82,11.06,9.25,8.58,8.55,6.88,8.54,6.12,10.77,6.44,16.56,6.12,11.18,6.1
2012-08-03,14.93,17.81,15.35,23.1,43.88,297.91,102.62,33.55,258.69,6.12,6.12,11.93,6.12,6.12,9.45,6.12,7.79,12.72,11.79,40.5,29.57,6.12,10.92,10.93,28.11,6.68,7.8,6.12,20.37,20.49
2012-08-04,14.49,15.3,14.01,21.9,23.35,125.01,156.42,27.33,279.09,8.02,6.12,9.22,6.12,6.12,18.87,6.85,19.01,10.61,13.2,19.11,18.17,6.69,7.39,8.61,15.3,8.42,23.56,6.12,22.19,23.11
2012-08-05,8.91,9.47,8.83,15.49,12.25,269.92,79.64,115.52,463.15,6.12,6.12,7.27,6.12,6.12,10.7,6.12,8.01,9.08,8.53,10.33,33.88,6.12,20.76,14.0,10.35,6.51,10.2,6.12,10.29,6.1
2012-08-06,20.15,18.95,17.53,25.39,24.05,465.68,246.15,116.77,535.38,6.93,6.12,6.72,9.65,6.12,16.82,6.12,7.06,11.48,9.32,67.96,28.72,6.12,13.13,11.13,14.62,7.38,10.72,6.38,27.35,9.32
2012-08-07,10.15,10.47,8.4,13.18,11.36,20.76,113.07,13.52,102.83,9.27,6.12,10.13,7.88,7.09,12.37,10.0,6.12,12.05,12.79,14.4,7.81,11.31,6.12,6.41,9.17,10.11,15.12,6.12,26.94,6.36
2012-08-08,6.12,6.12,6.12,6.85,6.1,7.99,8.4,6.51,8.49,6.59,6.12,10.01,6.12,7.8,7.9,7.76,6.12,10.97,15.17,8.11,6.12,13.88,6.12,6.12,7.12,9.49,20.87,6.12,13.13,
2012-08-09,6.12,6.12,6.12,8.32,6.68,6.12,44.79,7.23,7.47,6.53,9.99,17.91,6.12,10.41,9.44,12.86,6.12,12.01,16.89,9.06,6.12,15.44,6.12,6.12,6.42,12.03,21.08,6.72,28.66,
2012-08-10,6.12,6.12,6.12,8.07,7.02,8.88,42.65,6.41,32.73,13.2,6.67,,6.12,6.12,11.24,10.71,6.86,11.96,20.49,10.78,6.66,12.87,6.12,6.12,6.37,6.65,7.39,6.12,27.18,8.34
2012-08-11,6.12,6.12,6.12,7.0,6.63,14.1,158.49,8.15,377.88,8.0,8.84,,6.12,6.67,11.93,6.12,16.09,9.83,15.84,12.9,6.12,14.04,6.12,6.12,6.12,7.03,7.34,6.44,15.78,6.96
2012-08-12,6.37,6.12,6.12,7.08,6.1,10.41,10.73,9.18,25.61,14.95,8.45,,6.12,7.81,13.36,6.12,36.3,8.55,16.69,28.43,6.12,12.06,6.12,6.12,6.12,7.97,16.77,7.13,11.84,6.89
2012-08-13,6.37,6.12,6.12,9.58,7.04,6.56,13.83,6.87,22.55,6.12,9.17,11.09,6.12,9.12,19.0,7.02,38.2,7.25,12.26,32.35,6.44,9.03,11.01,6.12,7.78,8.1,7.25,6.12,17.59,7.42
2012-08-14,7.05,6.49,8.0,14.09,14.62,114.04,42.76,8.26,82.61,14.18,10.82,16.56,8.1,8.01,21.65,7.06,10.31,14.55,12.62,15.86,7.15,9.09,6.44,6.42,12.36,8.14,12.87,6.12,11.34,10.58
2012-08-15,6.98,7.59,6.41,13.05,9.25,6.37,14.18,7.4,7.13,7.02,12.54,16.89,6.12,6.12,19.97,6.38,9.09,8.02,14.97,36.07,8.1,10.7,6.63,6.12,6.48,6.54,11.86,6.45,19.58,9.13
2012-08-16,13.61,9.7,12.79,18.32,15.63,137.09,28.1,20.91,84.26,11.66,7.35,13.2,6.12,8.96,15.85,6.12,24.39,9.61,11.02,17.61,14.75,8.11,9.86,8.18,8.36,10.71,15.82,6.12,30.56,9.6
2012-08-17,6.37,6.12,6.12,10.74,8.22,26.56,84.33,6.12,113.67,12.14,6.67,14.22,6.12,7.87,17.18,8.87,6.65,8.93,12.85,25.89,6.12,13.71,6.77,7.26,6.12,8.41,15.96,6.12,14.7,6.45
2012-08-18,6.12,6.12,6.12,7.37,6.1,6.12,23.29,6.47,22.76,9.75,8.4,12.82,6.72,6.59,13.38,9.79,6.12,7.51,10.84,8.15,6.45,29.55,6.12,6.12,6.12,6.67,11.39,6.12,17.04,8.4
2012-08-19,7.16,6.38,7.06,8.12,6.1,51.17,85.22,6.78,273.11,7.27,15.42,23.78,7.57,6.42,10.27,9.13,6.12,11.25,15.65,6.97,6.12,45.63,6.12,6.12,6.12,7.41,16.44,6.12,8.48,8.37
2012-08-20,7.66,8.8,8.51,12.85,6.73,212.52,78.88,63.9,150.97,6.12,16.43,18.14,6.12,6.47,14.38,11.49,6.84,13.71,14.53,10.97,7.81,46.97,6.12,6.4,8.63,7.33,10.23,6.38,17.7,13.46
2012-08-21,20.95,17.51,17.4,25.9,21.18,285.0,30.49,26.73,92.51,8.18,8.55,10.19,7.35,6.12,27.87,7.6,19.73,12.11,13.29,46.15,31.84,,24.37,27.14,24.46,8.92,17.07,6.12,13.88,62.5
2012-08-22,38.03,30.19,29.59,36.22,35.66,478.42,229.75,75.68,683.11,11.17,6.93,7.02,10.62,7.34,23.87,6.12,22.79,11.85,12.06,51.38,46.52,,16.2,22.21,23.59,13.67,27.92,7.09,12.98,28.3
2012-08-23,21.07,21.22,20.68,35.47,29.86,485.59,293.8,25.72,398.55,13.77,6.12,9.49,29.53,8.49,23.8,6.12,21.08,13.75,14.21,60.87,21.18,,10.78,16.84,13.98,11.89,26.02,6.59,16.02,24.37
2012-08-24,31.99,29.96,31.44,30.76,20.76,444.82,111.65,43.92,223.8,9.79,8.52,12.92,8.59,6.41,24.35,8.41,13.11,13.61,7.73,46.02,45.54,,9.22,22.18,13.78,11.98,14.79,6.78,16.89,22.83
2012-08-25,19.53,19.65,13.97,26.69,16.95,258.5,163.07,81.93,,6.12,7.5,15.1,7.95,6.12,18.93,6.12,9.92,11.9,6.55,38.46,17.0,,16.49,18.6,16.07,10.13,16.38,6.48,23.74,
2012-08-26,14.47,11.68,10.01,20.47,12.62,361.12,247.97,163.81,,6.66,9.0,16.74,9.27,8.57,19.77,8.46,22.67,10.51,6.44,26.88,16.18,,9.64,9.33,19.38,8.9,13.94,6.12,21.68,
2012-08-27,6.12,6.12,6.12,8.61,6.56,7.23,6.45,6.12,,7.84,7.98,10.1,6.12,6.12,14.73,6.47,30.81,6.12,6.12,29.67,8.27,,6.12,6.12,6.12,6.12,8.27,6.12,8.46,
2012-08-28,8.0,7.63,6.12,10.06,7.12,6.12,7.85,6.12,,6.12,10.64,22.94,6.12,6.12,16.64,6.52,20.57,7.79,7.55,15.94,7.58,,6.12,7.38,7.27,7.26,11.34,6.12,11.7,
2012-08-29,8.83,8.86,9.99,14.66,13.89,294.78,100.45,11.32,,9.98,18.68,19.98,6.12,11.18,21.42,14.34,10.83,14.43,9.27,10.21,11.67,,10.05,17.15,6.12,10.92,24.28,7.1,17.31,
2012-08-30,12.04,14.94,11.67,22.43,24.74,350.96,177.17,27.05,342.32,8.21,17.63,29.87,6.12,6.81,24.95,11.38,30.62,20.64,8.59,16.78,24.44,,6.71,15.1,34.68,10.26,25.26,8.68,23.13,
2012-08-31,20.68,15.02,14.26,23.82,14.27,103.77,234.83,34.54,440.18,8.36,14.6,17.49,10.29,6.47,12.56,6.41,13.01,15.06,8.06,18.0,34.07,,18.96,28.65,16.21,13.79,14.35,7.8,15.47,
2012-09-01,16.79,17.0,12.77,21.11,18.54,13.7,16.43,9.55,235.4,6.12,12.18,16.85,12.52,8.86,6.94,8.61,38.14,11.04,7.33,18.07,37.28,,11.68,20.35,9.48,9.01,19.07,6.12,7.37,
2012-09-02,14.1,16.41,9.38,13.59,7.9,6.76,12.08,6.12,709.76,9.65,7.23,18.63,8.62,6.41,6.12,6.12,15.35,17.01,14.88,11.79,29.12,,12.93,26.22,13.93,6.89,13.3,6.84,6.12,
2012-09-03,15.84,14.92,6.44,14.77,6.1,11.33,184.55,6.37,682.41,6.65,6.43,16.58,9.65,6.67,6.12,6.99,14.25,12.87,14.01,14.98,27.46,,14.94,27.45,6.42,6.63,12.19,6.12,7.18,
2012-09-04,23.41,18.97,10.58,22.64,11.53,12.68,187.95,6.53,488.17,9.14,12.86,32.23,13.57,6.37,6.12,10.96,26.09,33.78,35.27,21.12,10.83,,16.39,25.49,8.72,9.21,18.2,7.0,7.53,
2012-09-05,22.7,23.09,13.41,23.26,16.36,111.21,126.57,6.73,402.98,6.12,11.13,24.0,6.75,7.04,11.12,8.19,28.5,15.66,11.86,32.66,19.84,,9.06,25.23,14.18,9.3,23.52,8.8,19.03,
2012-09-06,20.55,21.71,10.55,23.16,14.6,11.79,92.38,9.06,62.79,13.97,9.73,20.13,6.12,7.68,13.68,12.35,25.94,16.36,8.45,18.5,11.32,,6.12,11.63,11.15,6.12,16.86,8.16,65.16,
2012-09-07,12.91,8.2,6.12,9.2,6.1,8.78,9.9,7.51,9.91,7.95,6.12,16.23,6.12,10.45,11.39,6.73,26.84,8.05,7.96,23.8,6.12,,6.12,6.12,6.12,6.12,11.19,6.12,10.93,
2012-09-08,10.81,13.98,6.97,13.87,6.36,13.05,19.22,8.46,16.45,6.12,7.78,15.96,6.12,6.12,10.57,6.87,10.05,7.95,6.12,47.58,6.38,,6.12,7.09,7.17,6.12,6.38,6.12,27.86,
2012-09-09,12.27,19.84,9.59,16.18,8.75,7.34,36.3,6.92,7.5,8.79,11.76,22.34,6.12,7.14,7.46,9.58,6.12,10.89,7.34,13.34,6.12,,6.12,6.12,6.12,8.02,16.31,6.12,46.89,
2012-09-10,15.95,21.87,10.4,18.92,9.7,6.12,20.34,6.61,517.9,6.12,7.24,22.38,6.96,6.12,6.12,6.12,8.8,9.51,6.95,16.65,12.1,,28.74,16.71,8.48,7.73,10.04,6.64,7.46,
2012-09-11,10.89,17.32,6.12,14.94,6.1,6.42,6.12,6.12,493.72,7.28,6.12,15.55,8.01,6.12,6.12,6.12,7.19,10.87,10.99,18.79,8.89,,12.37,15.04,7.24,8.16,9.98,7.88,6.12,
2012-09-12,20.86,26.44,10.09,21.4,12.47,29.24,49.37,19.53,478.18,6.12,10.35,11.17,9.02,6.74,6.12,6.12,17.42,10.56,6.12,17.17,21.01,,13.48,17.14,15.07,9.11,10.63,6.67,7.96,
2012-09-13,16.39,24.55,12.96,22.83,15.51,45.71,69.15,6.12,873.77,6.12,12.42,13.97,7.64,6.12,10.0,9.78,37.52,24.45,6.72,19.24,16.86,,6.38,6.12,17.72,6.12,11.88,6.12,12.0,
2012-09-14,15.06,15.51,6.12,15.65,11.64,98.15,15.05,13.33,537.09,6.87,9.13,18.78,6.12,6.12,11.22,13.46,41.64,17.31,12.64,36.44,8.01,,6.12,6.12,16.06,6.12,10.71,6.12,12.55,
2012-09-15,9.58,14.84,6.12,15.58,6.1,23.25,26.53,34.13,31.9,15.2,6.67,23.56,6.12,6.42,10.09,6.72,52.78,9.29,17.37,17.82,6.12,,6.12,6.12,21.66,6.12,11.94,6.12,15.95,22.81
2012-09-16,13.5,15.84,6.53,16.4,7.05,12.45,59.3,11.69,390.04,10.36,6.12,17.6,6.12,6.12,8.96,8.16,7.26,9.39,10.81,14.9,13.7,,6.12,6.12,14.52,6.12,10.63,6.12,8.76,16.0
2012-09-17,8.31,20.1,9.11,17.96,6.37,6.12,6.42,7.7,880.89,9.02,6.12,6.12,6.12,6.12,10.83,6.12,8.23,8.56,6.12,16.81,11.47,,14.02,21.29,8.88,6.12,9.83,6.12,6.41,10.85
2012-09-18,9.17,21.06,17.02,20.16,6.53,6.52,87.34,6.12,601.59,6.12,6.12,6.12,8.77,6.12,6.4,6.12,6.67,7.68,6.37,11.88,7.78,,22.39,14.13,7.47,6.12,11.03,6.12,7.27,11.56
2012-09-19,10.19,23.76,11.06,21.1,8.72,14.74,206.83,6.12,366.82,6.12,7.54,6.12,7.22,6.12,6.12,6.12,16.89,10.52,6.12,21.16,15.02,,22.81,16.66,18.69,6.66,15.41,6.12,8.87,23.61
2012-09-20,6.12,8.33,,10.33,6.1,12.39,55.53,6.68,74.92,7.05,6.12,8.73,6.12,6.12,6.12,6.12,38.18,6.12,6.12,20.18,6.12,,6.12,6.12,6.12,6.12,6.12,6.12,9.43,6.9
2012-09-21,6.41,9.75,,14.16,6.1,6.65,7.75,6.12,7.49,6.65,6.12,6.85,6.12,6.12,11.52,10.73,28.15,6.12,6.12,13.98,6.12,,6.82,6.12,6.12,6.87,8.19,6.12,8.71,6.1
2012-09-22,17.08,28.28,16.49,28.48,9.02,173.93,29.09,29.97,12.73,6.12,7.57,11.26,8.58,6.12,7.41,6.65,12.34,8.77,6.12,46.22,9.51,,13.81,9.2,17.56,6.69,8.61,7.19,6.12,20.74
2012-09-23,40.44,55.97,41.66,50.23,25.22,7.63,58.4,7.91,139.45,6.96,10.46,13.31,6.12,6.12,12.08,9.83,16.53,9.45,6.72,65.82,25.23,,13.99,9.74,28.3,6.44,14.11,6.12,25.07,27.35
2012-09-24,35.63,50.42,42.08,43.59,23.36,258.84,118.65,39.58,137.92,6.12,6.12,12.28,12.81,6.12,9.19,6.48,8.18,19.64,7.3,24.36,14.61,,19.42,11.53,11.59,7.13,14.56,8.48,18.14,12.51
2012-09-25,9.21,22.58,13.37,23.16,7.11,130.53,140.97,67.79,179.79,10.01,6.68,9.72,6.12,8.83,9.89,8.18,29.55,17.73,6.44,51.4,6.64,18.76,8.02,6.12,6.12,8.36,16.04,7.26,40.64,9.42
2012-09-26,32.68,47.74,34.76,37.4,19.37,288.04,98.56,25.88,152.05,7.48,6.12,9.74,17.49,6.12,8.51,6.76,11.43,13.16,6.12,23.12,23.02,6.81,20.83,7.25,8.96,7.71,11.8,6.54,23.61,10.45
2012-09-27,9.27,28.97,21.55,19.48,9.06,275.18,229.7,136.71,277.56,6.44,17.28,6.41,11.98,6.12,7.02,6.99,9.96,16.36,6.12,27.46,8.52,8.56,16.14,6.12,6.12,7.43,14.56,10.33,16.28,9.59
2012-09-28,6.37,20.98,8.66,13.54,6.1,248.21,150.69,173.12,225.39,7.28,29.1,14.92,6.75,9.9,14.08,14.55,13.1,18.5,10.53,14.62,6.41,24.86,6.12,6.12,7.19,8.48,23.29,7.95,38.76,7.17
2012-09-29,14.1,25.15,17.13,12.59,10.4,114.34,150.15,16.37,248.17,6.12,17.21,12.97,11.19,6.12,11.07,7.18,8.73,15.27,6.43,16.25,23.91,10.25,26.2,11.37,24.88,9.71,12.22,8.38,22.21,32.79
2012-09-30,12.04,24.29,10.2,13.14,7.69,411.21,148.69,59.54,590.39,17.72,6.38,24.41,12.34,7.53,10.57,7.58,35.58,14.63,6.89,21.35,23.85,15.21,11.53,6.12,19.54,6.67,17.84,7.08,17.22,35.77
2012-10-01,16.72,26.85,16.96,9.86,9.04,20.77,405.81,16.33,1185.63,7.96,7.24,19.86,11.17,7.05,10.89,8.42,13.27,18.35,8.14,24.27,20.96,11.37,16.8,6.12,14.28,7.86,17.97,8.82,10.47,23.0
2012-10-02,13.61,26.77,14.33,12.84,7.03,31.2,38.13,11.48,371.51,8.83,7.02,12.59,6.44,6.99,8.47,6.83,16.12,12.87,6.82,25.31,24.82,10.31,10.4,,13.83,6.43,14.36,8.41,8.25,19.17
2012-10-03,7.43,15.13,6.54,6.12,6.1,11.79,12.62,8.37,14.21,6.78,6.12,26.35,6.12,6.12,13.33,15.56,19.17,14.36,20.57,21.37,6.12,34.44,6.45,,6.83,6.12,11.45,11.42,18.69,8.14
2012-10-04,7.2,20.38,7.99,9.5,6.1,18.83,18.74,17.15,21.0,9.55,6.12,16.69,6.12,10.02,11.87,7.69,21.75,10.83,6.42,36.77,6.12,12.35,7.95,6.12,9.29,8.56,19.87,6.64,31.85,10.36
2012-10-05,8.48,20.26,10.19,9.5,7.03,31.13,78.72,36.8,63.1,7.44,6.12,15.62,6.37,6.42,12.05,8.8,7.04,11.15,6.43,27.86,6.12,13.27,7.86,6.43,9.06,6.12,13.34,7.22,26.26,12.16
2012-10-06,27.79,35.19,18.5,23.23,24.56,180.37,63.08,97.92,70.05,6.12,6.12,9.96,11.28,6.12,10.42,6.54,18.38,12.18,6.12,39.18,54.84,8.49,26.32,7.32,14.45,8.22,12.15,7.92,7.02,22.98
2012-10-07,16.21,36.62,16.84,16.44,19.29,264.1,158.81,151.87,263.74,6.12,6.12,9.4,6.85,6.12,11.33,6.53,11.06,11.7,6.12,31.29,13.74,10.52,13.64,14.23,15.56,6.12,10.14,6.47,16.67,17.4
2012-10-08,6.12,13.25,6.12,6.12,6.1,7.82,8.14,6.12,7.33,6.12,6.12,8.76,6.12,6.12,11.99,6.72,20.15,7.19,6.12,24.36,6.12,7.51,6.12,6.12,6.12,6.12,9.8,6.12,9.42,
2012-10-09,12.25,21.18,20.62,8.06,7.4,305.65,169.89,58.44,348.48,6.12,6.12,6.38,9.39,6.12,7.07,6.12,7.61,14.87,6.42,20.52,18.02,7.09,22.81,41.24,16.46,9.0,11.58,8.81,17.22,25.62
2012-10-10,10.35,23.32,9.47,12.22,10.03,104.89,221.97,41.24,312.96,14.24,9.13,22.43,6.12,17.99,20.65,11.69,11.42,18.84,11.36,21.51,15.38,19.05,10.21,8.77,12.86,18.95,39.71,10.94,48.64,19.46
2012-10-11,6.12,16.3,6.12,6.12,13.76,11.95,20.48,8.74,15.84,13.16,6.12,25.64,6.12,7.05,7.23,9.74,6.98,14.1,12.2,13.46,6.12,19.23,6.41,8.42,6.12,6.12,9.86,12.9,74.54,7.69
2012-10-12,20.97,27.09,11.6,14.47,9.33,393.6,28.46,8.9,136.1,7.17,6.12,11.95,9.15,6.41,10.31,7.28,8.73,6.52,8.56,27.56,24.27,11.31,14.02,25.1,15.31,6.12,10.85,6.81,17.71,16.14
2012-10-13,8.14,13.91,6.12,6.12,6.36,33.64,29.04,10.4,110.59,21.78,6.12,6.41,6.12,7.18,8.32,6.12,24.39,6.12,6.12,14.65,12.34,13.09,6.12,60.87,6.12,6.12,12.09,6.12,15.46,9.63
2012-10-14,13.11,21.16,9.56,11.0,8.34,104.03,24.57,11.97,252.02,,6.12,6.12,6.12,6.12,8.48,6.12,19.61,11.11,6.12,30.21,16.97,7.63,7.66,36.53,12.01,6.12,11.63,6.12,6.12,13.79
2012-10-15,10.54,21.18,14.55,9.22,6.1,44.24,7.24,10.65,9.01,6.12,6.12,6.37,10.26,6.12,7.58,6.38,11.03,12.55,6.12,23.93,24.7,6.12,12.38,80.04,15.85,6.12,10.51,6.12,7.73,14.22
2012-10-16,6.12,18.07,12.32,9.44,6.1,230.92,59.93,54.61,262.15,6.12,6.12,7.39,8.73,6.12,,6.12,13.6,17.63,6.12,15.51,14.93,6.12,7.92,39.51,13.07,6.12,10.6,6.12,7.48,15.88
2012-10-17,13.42,22.52,11.39,21.18,16.11,12.04,28.66,12.82,14.26,6.12,6.12,7.04,6.42,6.12,,6.12,16.71,7.64,6.12,46.97,19.36,9.02,8.99,37.94,19.3,7.08,12.52,6.12,8.68,21.97
2012-10-18,20.12,31.55,15.42,23.18,13.85,172.58,102.89,18.97,185.56,6.48,6.12,9.92,18.56,6.12,17.56,14.57,11.16,17.39,7.38,15.55,30.36,10.75,23.23,52.42,28.5,7.9,12.05,7.99,20.09,
2012-10-19,20.66,33.05,18.34,21.23,14.24,785.99,380.7,31.84,740.65,6.12,6.12,19.24,8.69,6.57,9.64,11.63,12.89,13.26,8.51,18.2,32.81,13.8,22.3,37.57,24.0,8.57,13.06,9.19,24.39,
2012-10-20,16.9,25.96,15.99,16.3,8.72,293.4,146.65,39.12,272.65,6.12,6.12,14.82,11.7,6.12,10.54,8.78,13.51,12.27,8.53,27.83,34.54,7.38,37.03,39.12,15.82,7.91,10.23,7.56,12.59,
2012-10-21,17.86,24.18,10.48,11.29,7.97,9.32,149.57,6.12,781.76,6.12,6.12,6.12,6.64,6.12,6.74,6.12,9.72,6.51,6.12,15.22,22.1,6.12,19.21,52.76,6.52,6.43,8.97,6.44,10.89,
2012-10-22,25.31,27.15,17.6,17.46,9.94,15.98,187.15,6.12,286.58,6.49,6.12,6.12,7.73,6.12,13.22,7.13,9.94,9.25,6.45,20.76,21.85,12.79,20.95,42.23,17.91,6.68,13.99,7.2,15.95,
2012-10-23,12.83,23.32,15.24,17.07,13.4,201.5,84.28,70.49,117.16,20.7,7.03,21.01,6.12,9.65,20.08,13.13,12.25,16.07,12.6,22.32,14.54,19.12,12.51,88.56,16.84,6.9,26.61,8.28,23.7,
2012-10-24,6.12,13.58,6.12,6.75,6.1,584.75,84.28,138.83,88.21,13.95,6.12,28.88,6.12,6.12,12.78,16.81,9.34,11.39,14.98,14.2,6.45,17.94,6.37,187.51,13.54,6.12,6.37,11.73,20.18,
2012-10-25,25.5,23.91,9.7,24.89,24.78,44.62,164.58,17.09,81.85,7.25,6.12,13.9,13.58,6.12,8.32,7.65,11.29,6.96,6.12,118.92,15.07,13.16,20.06,130.73,30.52,6.12,8.4,16.51,74.89,
2012-10-26,36.22,50.92,19.53,34.53,31.37,12.79,103.9,14.23,17.62,10.45,6.12,9.88,7.77,6.12,42.39,10.43,20.45,9.52,7.3,36.8,41.1,20.34,19.92,141.41,35.91,6.65,22.4,14.41,48.36,
2012-10-27,14.92,27.63,30.66,11.75,7.08,359.96,178.6,15.74,359.69,7.18,6.12,8.79,13.51,6.12,28.23,6.12,17.09,17.16,6.67,24.58,25.88,9.15,19.51,114.91,25.99,6.12,13.85,8.61,19.83,
2012-10-28,6.12,14.15,8.21,6.12,6.1,238.19,336.15,35.81,293.72,6.12,6.12,6.95,6.12,6.12,16.84,7.51,47.13,9.74,6.12,15.92,9.13,6.12,6.71,112.44,14.92,6.12,8.56,6.12,18.49,
2012-10-29,6.12,10.4,6.12,6.12,7.05,17.47,17.39,8.25,17.83,10.94,6.12,22.32,6.12,6.12,22.73,13.32,13.52,6.73,20.38,13.43,6.12,14.33,6.41,114.08,13.18,6.12,7.73,15.13,22.92,
2012-10-30,26.01,21.26,7.77,18.69,19.22,15.75,17.86,8.09,15.37,10.3,6.12,9.81,6.12,6.12,13.71,10.44,23.3,6.12,8.48,24.02,8.73,7.73,6.92,116.66,20.46,6.12,10.62,16.07,20.08,19.61
2012-10-31,19.93,28.05,18.97,29.11,17.9,59.24,59.56,12.88,163.8,7.07,6.12,7.48,11.72,6.12,15.11,9.53,20.09,9.62,10.13,21.98,23.25,9.78,16.13,116.52,26.46,6.12,12.36,20.27,23.29,29.87
2012-11-01,10.11,26.22,13.29,13.71,13.21,146.63,98.55,32.15,467.52,7.36,6.12,10.05,7.26,6.12,20.08,9.37,24.98,8.57,7.97,18.71,27.76,7.79,18.15,136.44,22.02,6.12,11.79,7.2,12.06,14.42
2012-11-02,25.68,45.68,40.93,37.92,34.24,431.33,164.94,141.84,242.44,8.43,6.12,6.12,13.33,6.12,14.24,15.99,11.11,19.71,9.81,21.41,33.18,12.51,12.81,105.59,33.59,6.12,20.36,8.25,32.12,27.57
2012-11-03,10.74,23.21,12.39,11.77,9.14,307.35,172.61,89.6,156.74,6.12,6.12,6.12,11.26,6.12,20.84,10.16,12.21,12.52,6.12,18.13,18.27,8.23,8.3,89.62,19.65,6.12,12.69,9.52,21.08,14.95
2012-11-04,13.82,30.14,22.34,20.9,12.07,460.65,235.11,41.35,242.37,6.12,6.12,6.12,8.22,6.12,12.73,7.45,16.37,15.65,8.08,21.66,26.7,6.46,11.04,86.7,11.67,6.12,19.4,9.55,23.76,13.03
2012-11-05,8.88,20.14,20.56,7.04,6.1,90.37,268.08,6.62,315.94,6.67,6.12,6.37,10.41,6.12,15.66,9.09,11.6,24.28,7.54,22.89,15.52,7.09,10.77,83.04,23.85,6.12,21.03,11.34,30.78,27.63
2012-11-06,11.52,17.42,11.16,8.86,10.18,10.43,21.79,6.12,11.92,6.83,6.12,7.47,6.12,6.12,12.27,9.6,8.39,9.55,6.79,17.22,10.88,12.67,7.02,108.46,23.29,6.12,12.2,12.16,33.56,14.94
2012-11-07,14.23,15.03,6.12,11.73,12.68,7.1,7.29,6.79,6.83,10.35,6.12,7.91,6.12,6.12,8.04,11.02,7.71,6.97,8.27,17.01,7.88,11.73,6.82,89.22,26.3,6.12,9.76,22.5,22.85,25.94
2012-11-08,18.74,31.99,19.92,26.3,26.43,7.55,9.53,6.37,10.42,12.98,6.12,21.32,6.12,6.12,13.34,17.88,,11.31,13.09,27.79,24.0,12.96,18.99,241.55,26.57,6.12,42.68,21.27,29.07,22.05
2012-11-09,7.49,26.49,19.62,20.78,21.51,142.75,59.79,13.6,,15.41,6.12,16.81,6.12,8.37,17.08,26.49,,10.05,9.43,23.2,17.21,8.57,13.73,161.6,22.28,6.12,12.22,17.83,40.57,19.49
2012-11-10,9.19,26.55,14.91,14.07,16.96,143.73,25.27,21.17,,13.03,6.12,10.62,6.44,6.12,36.75,16.44,,10.33,8.52,21.55,28.44,9.83,10.17,159.67,21.37,6.12,15.68,9.66,29.43,16.75
2012-11-11,6.41,23.29,14.49,8.59,10.49,105.1,43.18,6.12,,8.52,6.12,15.51,6.12,6.72,33.78,10.47,,21.5,7.59,17.64,46.35,6.12,16.12,177.14,26.99,6.12,13.87,9.02,16.51,26.77
2012-11-12,23.82,25.99,17.49,23.76,20.99,285.81,140.88,27.48,,8.96,6.12,19.91,12.3,6.12,21.61,19.77,,15.11,12.04,24.63,39.29,6.63,12.35,169.74,22.43,6.12,18.7,10.05,21.83,24.22
2012-11-13,6.56,6.12,7.19,13.79,16.61,160.23,27.02,29.8,,12.07,6.12,19.88,6.12,7.97,17.82,25.0,,15.86,16.64,16.36,13.28,10.24,6.12,140.54,14.83,6.98,8.41,26.09,48.05,
2012-11-14,6.12,6.12,8.23,7.77,6.74,9.01,6.46,6.12,,18.58,6.12,6.41,6.12,10.16,8.81,,,6.12,8.97,14.05,10.84,31.72,7.74,126.22,25.08,6.12,11.12,13.31,23.88,
2012-11-15,7.02,12.14,10.22,8.57,6.37,6.12,6.12,6.12,,8.43,6.12,6.12,6.12,6.12,13.34,6.79,,6.79,6.4,14.75,19.68,9.49,12.37,168.91,19.68,6.12,6.37,18.15,11.38,
2012-11-16,17.21,6.12,13.16,21.52,17.29,67.73,19.11,6.12,,9.11,6.12,6.12,8.83,6.44,16.7,6.38,,9.62,8.93,20.74,36.56,6.99,15.54,152.05,26.36,6.12,6.37,15.65,14.96,22.75
2012-11-17,31.39,17.41,21.7,27.84,27.08,15.63,6.46,6.12,,6.12,6.12,9.42,12.69,6.12,13.47,8.9,,10.25,8.72,17.98,23.85,6.45,26.42,151.04,20.98,6.12,10.47,15.07,12.32,21.87
2012-11-18,12.04,24.93,18.27,22.51,21.52,8.73,6.12,6.12,,6.12,6.12,7.15,6.76,6.12,11.15,8.0,,9.8,8.97,17.54,60.55,6.12,22.45,140.69,22.43,6.58,12.51,8.97,9.64,20.93
2012-11-19,20.85,23.48,15.24,23.32,13.18,7.88,8.35,9.67,,8.11,6.12,6.64,10.52,6.12,12.21,13.06,,12.93,6.73,20.16,44.51,6.99,17.63,139.77,22.32,8.21,11.03,11.17,16.16,18.83
2012-11-20,14.97,21.91,11.84,21.66,9.05,7.19,6.42,8.01,1518.48,13.95,6.12,6.12,9.75,6.12,13.78,9.71,,12.91,10.88,18.93,39.33,6.12,17.64,131.53,27.27,6.12,10.5,12.32,8.93,27.6
2012-11-21,11.5,13.44,10.86,15.2,6.1,6.12,6.12,6.37,520.01,6.44,6.12,6.12,7.05,6.12,10.3,6.38,,7.84,6.12,20.4,13.32,6.12,18.42,134.45,16.76,6.12,8.45,11.04,6.12,15.56
2012-11-22,33.6,35.11,19.63,32.22,32.96,6.12,6.12,6.12,342.1,9.91,6.12,6.12,12.65,6.12,15.65,7.07,,9.39,11.19,25.8,43.93,6.12,18.39,132.36,21.62,6.12,6.12,8.01,7.43,19.2
2012-11-23,33.69,34.61,20.85,32.03,23.44,6.12,9.93,6.98,274.99,8.87,6.12,6.12,10.15,7.9,15.77,8.65,,12.6,6.12,27.75,43.72,6.12,19.95,124.31,22.43,6.12,7.61,8.83,16.04,16.15
2012-11-24,21.88,23.19,15.76,32.8,37.77,63.84,20.14,90.45,50.82,23.05,6.12,25.99,10.11,15.67,19.82,15.38,,6.12,8.61,36.69,27.38,13.03,14.34,138.44,44.49,6.12,9.71,7.19,26.25,32.96
2012-11-25,14.08,15.78,21.15,32.75,52.67,28.86,23.96,62.96,40.93,10.12,6.12,9.38,9.04,6.12,13.74,11.93,,11.67,11.29,15.61,13.11,7.87,6.12,116.18,36.73,6.62,11.27,6.12,30.96,31.25
2012-11-26,26.46,30.82,30.81,44.37,28.76,808.7,77.26,363.03,327.47,14.59,6.12,6.12,10.1,6.12,12.51,11.75,,11.42,14.26,23.5,27.9,8.18,15.64,134.83,23.87,7.96,14.1,6.38,17.19,28.37
2012-11-27,19.63,26.39,30.26,27.55,13.55,698.57,1294.8,109.51,1407.98,10.63,6.12,6.12,7.77,7.41,14.3,23.71,,9.19,9.73,31.33,32.29,12.62,15.53,104.94,18.15,8.56,16.14,6.12,16.02,34.25
2012-11-28,15.12,24.55,30.21,19.56,12.49,2354.87,1455.9,822.84,2051.16,10.31,6.12,8.08,11.86,10.04,19.48,26.67,26.18,18.51,14.01,24.8,78.02,10.7,17.1,6.12,23.94,8.42,13.11,6.12,11.62,34.85
2012-11-29,9.53,19.48,39.02,8.25,6.1,400.25,220.41,124.34,408.39,9.49,6.12,6.12,15.18,6.12,19.16,8.05,14.6,12.89,6.41,22.93,26.77,7.09,13.3,,20.63,6.12,11.28,6.12,15.51,19.47
2012-11-30,6.73,8.63,23.63,6.12,6.63,207.45,136.48,215.9,140.23,9.93,6.12,6.12,6.45,6.71,17.02,9.04,18.39,13.01,9.43,16.24,17.05,7.7,6.75,,12.64,6.73,16.87,6.12,25.9,
2012-12-01,10.56,9.66,6.12,9.29,17.95,95.12,149.31,52.12,160.71,20.85,6.12,23.7,6.12,13.61,14.7,14.16,18.53,6.12,17.83,15.72,16.16,11.85,6.12,51.84,16.24,6.12,9.33,6.12,30.63,
2012-12-02,27.69,25.75,8.99,20.55,20.1,40.3,49.07,37.91,268.18,7.84,6.12,6.12,7.63,6.12,15.16,10.13,30.37,6.12,8.01,20.27,45.96,10.07,8.86,28.11,34.14,6.12,12.62,6.12,15.42,20.91
2012-12-03,6.12,7.99,6.12,7.52,9.29,18.09,10.4,12.37,16.82,18.89,6.12,8.43,6.12,6.12,14.8,9.64,70.55,6.12,6.12,24.77,17.38,6.79,6.12,47.47,17.05,6.12,24.73,6.4,28.23,17.67
2012-12-04,14.45,27.16,20.16,18.69,23.64,14.02,32.95,,15.62,17.57,6.12,6.38,9.94,8.56,20.35,18.38,31.29,11.69,7.92,22.26,38.45,11.23,12.44,34.88,24.41,6.4,17.96,6.12,22.11,22.87
2012-12-05,6.77,12.54,6.12,8.92,18.14,29.04,19.04,18.48,48.25,10.24,6.12,8.99,6.38,6.86,19.29,8.41,41.24,6.12,6.99,18.03,27.76,6.12,6.12,9.63,19.67,6.12,23.6,6.12,18.48,14.84
2012-12-06,8.63,7.87,6.12,7.51,8.85,19.76,15.04,14.69,17.46,12.59,6.66,11.23,6.12,6.73,15.36,13.07,18.9,6.12,15.44,16.78,21.18,16.13,7.81,10.51,59.68,7.06,14.92,6.53,47.78,19.76
2012-12-07,10.55,12.29,9.42,12.16,16.76,15.88,11.56,13.7,13.99,15.08,7.05,13.64,6.12,6.38,19.55,13.51,19.58,6.12,14.88,18.43,22.16,18.73,8.05,6.12,43.17,6.12,9.74,6.12,40.21,23.23
2012-12-08,23.8,17.04,8.23,12.82,19.69,28.47,24.34,25.78,1457.38,12.64,6.4,7.6,6.66,11.42,21.67,9.7,19.44,11.49,8.21,22.64,41.67,15.73,9.34,8.87,38.71,10.09,10.44,6.12,19.04,24.05
2012-12-09,7.88,7.83,8.71,6.12,24.35,19.17,40.22,11.43,161.41,17.7,6.83,17.5,6.12,12.18,15.79,15.31,60.32,6.12,13.59,42.37,23.96,15.99,7.04,11.13,27.6,6.12,28.26,6.12,18.99,19.57
2012-12-10,44.6,63.53,29.37,57.26,70.19,40.55,56.17,13.18,21.56,23.66,13.85,11.32,11.93,14.75,18.58,29.13,30.77,13.68,28.25,43.2,32.3,33.13,20.69,34.49,54.54,13.08,26.47,6.12,39.31,22.39
2012-12-11,39.53,33.43,8.09,32.68,45.06,112.0,502.1,37.73,626.19,23.28,6.12,20.07,10.52,16.15,17.37,37.15,45.16,6.12,26.94,36.76,32.59,32.23,18.86,36.58,50.46,7.09,22.39,6.46,38.95,32.91
2012-12-12,9.78,17.73,8.62,13.55,32.05,18.46,11.17,11.56,15.66,25.54,7.71,15.47,6.12,14.14,22.98,33.84,37.65,6.12,26.21,43.9,6.12,33.36,12.48,19.3,40.08,6.12,16.33,7.17,43.62,27.8
2012-12-13,28.54,51.42,35.4,36.41,53.15,208.53,44.13,38.07,74.26,22.69,6.37,7.56,18.34,12.29,22.62,40.65,60.71,16.08,29.97,28.01,23.65,21.91,20.42,26.44,45.98,19.31,23.84,6.12,41.36,34.14
2012-12-14,30.18,36.95,34.17,23.86,37.18,299.72,418.61,79.35,1161.57,22.27,13.4,19.24,46.85,22.33,26.66,46.84,79.68,18.35,59.46,23.81,60.98,29.88,36.18,22.96,48.87,31.07,23.8,8.36,103.45,42.03
2012-12-15,22.92,33.58,22.06,18.68,30.05,775.77,130.36,56.13,697.47,17.18,22.11,28.81,49.96,27.7,54.05,34.97,53.41,21.28,49.01,25.08,41.13,42.16,23.3,21.67,49.21,33.02,21.3,6.12,95.37,53.88
2012-12-16,24.32,26.58,9.2,21.46,45.23,615.8,194.89,211.91,255.05,10.37,8.0,6.4,14.86,11.58,18.18,32.31,31.58,11.27,31.04,19.17,46.99,46.63,6.12,6.96,56.28,29.29,21.39,6.4,50.27,33.5
2012-12-17,48.58,53.12,32.73,40.21,40.86,135.39,19.94,41.88,130.7,17.02,12.11,11.95,18.02,6.12,19.46,22.37,19.67,7.67,16.74,21.96,53.05,34.34,12.31,16.17,55.34,24.79,,6.95,9.25,46.54
2012-12-18,54.56,53.73,23.7,34.66,31.69,18.63,6.12,6.64,543.08,15.31,6.12,6.12,8.96,6.12,17.77,16.58,14.16,8.32,11.4,22.98,27.8,11.86,18.31,,43.46,11.49,,6.12,6.12,33.73
2012-12-19,40.44,48.69,36.56,33.18,46.49,21.09,12.85,,497.5,8.09,6.12,6.12,6.12,6.43,16.87,10.85,22.58,6.99,6.12,26.76,28.04,7.99,9.65,,44.59,6.12,,6.12,6.45,33.33
2012-12-20,9.64,11.24,6.72,9.39,18.04,117.49,35.77,34.11,48.9,10.43,6.42,17.8,6.78,7.89,14.79,18.41,20.99,42.94,17.1,17.08,12.29,13.31,9.25,,79.49,6.12,,6.12,19.25,25.24
2012-12-21,18.87,11.04,14.55,24.09,29.73,244.73,50.73,53.31,161.26,13.2,6.89,7.77,6.12,7.61,23.42,20.04,28.24,11.21,17.87,40.27,10.03,23.35,6.74,,60.67,6.12,,14.57,9.03,40.99
2012-12-22,13.72,6.83,6.12,11.73,28.87,78.81,24.65,41.95,40.5,33.62,10.58,19.25,6.48,10.12,46.51,31.26,28.57,6.12,22.23,27.21,8.45,23.73,12.45,,34.44,6.12,,20.36,60.74,31.51
2012-12-23,39.55,47.68,26.44,57.99,62.81,121.28,16.28,78.3,27.32,13.48,23.43,10.51,21.65,10.71,34.52,39.36,55.79,12.03,16.51,31.26,47.59,39.36,20.12,,60.44,6.12,,15.16,49.34,58.83
2012-12-24,47.8,59.08,54.62,72.04,71.06,245.02,142.49,69.85,176.8,18.46,7.54,6.12,15.16,10.76,28.23,36.96,61.99,16.15,26.23,33.54,36.22,28.53,23.53,,39.21,6.12,,28.48,100.02,50.89
2012-12-25,34.34,55.48,52.52,98.02,81.17,375.22,171.35,160.81,199.5,19.43,7.04,6.12,8.81,12.64,24.79,49.28,61.62,25.13,35.94,31.63,27.17,22.52,22.08,,34.5,12.11,,54.44,121.53,44.63
2012-12-26,39.21,68.97,,,93.74,,,,41.2,,,,,,25.66,55.59,64.28,,,,28.11,28.09,24.28,,58.21,,,,98.43,39.03
2012-12-27,,,,,44.08,,,,16.57,,,,,,,,,,,,,,,,,,,,,37.47
2012-12-28,,,,,45.04,,,,125.86,,,,,,,,,,,,,,,,,,,,,34.42
2012-12-29,17.86,46.44,9.9,39.19,52.5,12.49,8.36,12.35,676.89,11.47,,6.12,6.12,11.13,14.31,15.74,34.56,6.58,10.58,28.26,12.71,7.84,8.07,,37.26,6.12,,44.22,22.84,40.59
2012-12-30,21.21,86.06,17.16,47.86,51.55,14.49,58.69,14.53,415.27,6.4,,6.12,9.51,6.12,14.47,17.13,25.2,7.75,15.28,25.34,30.01,9.56,11.72,,45.19,6.12,,40.72,,32.37
2012-12-31,15.88,65.37,8.96,34.69,56.8,40.64,143.85,38.03,91.33,11.85,,16.64,6.12,7.68,13.26,35.37,21.62,6.12,25.09,16.9,19.58,13.37,6.12,,49.71,6.12,,54.32,31.19,22.32
